block_number,block_timestamp,txid,input_count,output_count,in_btc,out_btc,fee_btc,outputs_btc,out_addresses,in_addresses
170,2009-01-12 03:30:25.000000 UTC,f4184fc596403b9d638783cf57adfe4c75c605f6356fbc91338530e9831e9e16,1,2,50,50,0,10.00000000 | 40.00000000,1Q2TWHE3GMdB6BZKafqwxXtWAWgFt5Jvm3 | 12cbQLTFMXRnSzktFkuoG3eHoMeFtpTu3S,12cbQLTFMXRnSzktFkuoG3eHoMeFtpTu3S
181,2009-01-12 06:02:13.000000 UTC,a16f3ce4dd5deb92d98ef5cf8afeaf0775ebca408f708b2146c4fb42b41e14be,1,2,40,40,0,10.00000000 | 30.00000000,1DUDsfc23Dv9sPMEk5RsrtfzCw5ofi5sVW | 12cbQLTFMXRnSzktFkuoG3eHoMeFtpTu3S,12cbQLTFMXRnSzktFkuoG3eHoMeFtpTu3S
182,2009-01-12 06:12:16.000000 UTC,591e91f809d716912ca1d4a9295e70c3e78bab077683f79350f101da64588073,1,2,30,30,0,1.00000000 | 29.00000000,1LzBzVqEeuQyjD2mRWHes3dgWrT9titxvq | 12cbQLTFMXRnSzktFkuoG3eHoMeFtpTu3S,12cbQLTFMXRnSzktFkuoG3eHoMeFtpTu3S
183,2009-01-12 06:34:22.000000 UTC,12b5633bad1f9c167d523ad1aa1947b2732a865bf5414eab2f9e5ae5d5c191ba,1,2,29,29,0,1.00000000 | 28.00000000,13HtsYzne8xVPdGDnmJX8gHgBZerAfJGEf | 12cbQLTFMXRnSzktFkuoG3eHoMeFtpTu3S,12cbQLTFMXRnSzktFkuoG3eHoMeFtpTu3S
187,2009-01-12 07:16:40.000000 UTC,4385fcf8b14497d0659adccfe06ae7e38e0b5dc95ff8a13d7c62035994a0cd79,1,1,1,1,0,1.00000000,15NUwyBYrZcnUgTagsm1A7M2yL2GntpuaZ,13HtsYzne8xVPdGDnmJX8gHgBZerAfJGEf
221,2009-01-12 14:21:00.000000 UTC,298ca2045d174f8a158961806ffc4ef96fad02d71a6b84d9fa0491813a776160,1,1,1,1,0,1.00000000,1BDvQZjaAJH4ecZ8aL3fYgTi7rnn3o2thE,1LzBzVqEeuQyjD2mRWHes3dgWrT9titxvq
248,2009-01-12 20:04:20.000000 UTC,828ef3b079f9c23829c56fe86e85b4a69d9e06e5b54ea597eef5fb3ffef509fe,1,2,28,28,0,10.00000000 | 18.00000000,1ByLSV2gLRcuqUmfdYcpPQH8Npm8cccsFg | 12cbQLTFMXRnSzktFkuoG3eHoMeFtpTu3S,12cbQLTFMXRnSzktFkuoG3eHoMeFtpTu3S
496,2009-01-14 20:40:55.000000 UTC,a3b0e9e7cddbbe78270fa4182a7675ff00b92872d8df7d14265a2b1e379a9d33,3,1,61,61,0,61.00000000,1BBz9Z15YpELQ4QP5sEKb1SwxkcmPb5TMs,18SH9vwx24L5cTabfkgtGMjF8A56pD9AUJ | 15NUwyBYrZcnUgTagsm1A7M2yL2GntpuaZ | 1ByLSV2gLRcuqUmfdYcpPQH8Npm8cccsFg
524,2009-01-15 01:46:26.000000 UTC,d71fd2f64c0b34465b7518d240c00e83f6a5b10138a7079d1252858fe7e6b577,1,2,50,50,0,25.00000000 | 25.00000000,1DCbY2GYVaAMCBpuBNN5GVg3a47pNK1wdi | 1Jhk2DHosaaZx1E4CbnTGcKM7FC88YHYv9,1Jhk2DHosaaZx1E4CbnTGcKM7FC88YHYv9
545,2009-01-15 05:48:32.000000 UTC,35288d269cee1941eaebb2ea85e32b42cdb2b04284a56d8b14dcc3f5c65d6055,1,2,25,25,0,1.00000000 | 24.00000000,1DZTzaBHUDM7T3QvUKBz4qXMRpkg8jsfB5 | 1DCbY2GYVaAMCBpuBNN5GVg3a47pNK1wdi,1DCbY2GYVaAMCBpuBNN5GVg3a47pNK1wdi
546,2009-01-15 06:08:20.000000 UTC,28204cad1d7fc1d199e8ef4fa22f182de6258a3eaafe1bbe56ebdcacd3069a5f,2,2,25,25,0,1.00000000 | 24.00000000,1KAD5EnzzLtrSo2Da2G4zzD7uZrjk8zRAv | 1DZTzaBHUDM7T3QvUKBz4qXMRpkg8jsfB5,1DZTzaBHUDM7T3QvUKBz4qXMRpkg8jsfB5 | 1DCbY2GYVaAMCBpuBNN5GVg3a47pNK1wdi
546,2009-01-15 06:08:20.000000 UTC,3c1d7e82342158e4109df2e0b6348b6e84e403d8b4046d7007663ace63cddb23,2,2,25,25,0,1.00000000 | 24.00000000,1DZTzaBHUDM7T3QvUKBz4qXMRpkg8jsfB5 | 1KAD5EnzzLtrSo2Da2G4zzD7uZrjk8zRAv,1KAD5EnzzLtrSo2Da2G4zzD7uZrjk8zRAv | 1KAD5EnzzLtrSo2Da2G4zzD7uZrjk8zRAv
546,2009-01-15 06:08:20.000000 UTC,6b0f8a73a56c04b519f1883e8aafda643ba61a30bd1439969df21bea5f4e27e2,2,2,25,25,0,1.00000000 | 24.00000000,1KAD5EnzzLtrSo2Da2G4zzD7uZrjk8zRAv | 1KAD5EnzzLtrSo2Da2G4zzD7uZrjk8zRAv,1KAD5EnzzLtrSo2Da2G4zzD7uZrjk8zRAv | 1DZTzaBHUDM7T3QvUKBz4qXMRpkg8jsfB5
586,2009-01-15 14:25:20.000000 UTC,4d6edbeb62735d45ff1565385a8b0045f066055c9425e21540ea7a8060f08bf2,5,1,250,250,0,250.00000000,19QKDUJtx9n7Vaga6nX1bVHdsnT4Khfyi6,1DNdPgBZRWjDj1JbVZQEYMv7jvqJF7R4Py | 1ELmSkQWnqgbBZNzxAZHts3MEYCngqRBeD | 1ADpf5rHERc2PmVAZZFoH7WbougKvkPDVD | 1ACWHyRM8rtbt96KauPJprnF2qDQSdPJ54 | 1LfjLrBDYyPbvGMiD9jURxyAupdYujsBdK
586,2009-01-15 14:25:20.000000 UTC,6bf363548b08aa8761e278be802a2d84b8e40daefe8150f9af7dd7b65a0de49f,1,1,50,50,0,50.00000000,1QKJnFPvRoZ7avBhxqwxhsEv62JWYoB1R9,1E5npMTmh9PnBHxCacuqzAZRGEybkxPMAq
593,2009-01-15 15:51:56.000000 UTC,e36f06a8dfe44c3d64be2d3fe56c77f91f6a39da4a5ffc086ecb5db9664e8583,1,2,50,50,0,25.00000000 | 25.00000000,1LEWwJkDj8xriE87ALzQYcHjTmD8aqDj1f | 153h6eE6xRhXuN3pE53gWVfXacAtfyBF8g,153h6eE6xRhXuN3pE53gWVfXacAtfyBF8g
707,2009-01-16 13:51:46.000000 UTC,5439c37c4c6dad4ad93b1d5598d57f1aace9d0f68b892236da903b3f136451a1,2,1,100,100,0,100.00000000,133fZZzNNbHL5VSuCWrUkLW2oL9ZPJELbY,132aSc15WmoPwtMbqRVzouZKNnjWL1YTVb | 17oofDoUGPaTi7xEP3StP1sU1YxEMDfQa6
728,2009-01-16 19:18:35.000000 UTC,6f7cf9580f1c2dfb3c4d5d043cdbb128c640e3f20161245aa7372e9666168516,2,1,100,100,0,100.00000000,12higDjoCCNXSA95xZMWUdPvXNmkAduhWv,1Miuw7ifaTYY5qrzKYFcTDiojSFxRfAqwP | 18KrJNtPVu6LWRNPQReqF29iFm7vDhirMk
943,2009-01-18 20:02:59.000000 UTC,3e4cc1f71c998d080528ae305dffcc01419851e0d7b5191edfada9528625bff6,3,1,150,150,0,150.00000000,1C16qVq3kZpfjCXAKvrrppqxNmRcnfbFdu,1CpZmPEGBbH7gUsM1xS31CvaKDE92EiiKg | 1NyD2gM5qcGCRKmuJK7gUUqcQMrUFQRZQz | 1BGnWwafsPsHo11opJGVbJdLADxakwZoAD
1055,2009-01-19 19:00:42.000000 UTC,8897ea9ceaf18a546cdc513b9179bae31a462ee5bf47818eb7ba909082d11777,10,1,500,500,0,500.00000000,15oUEZFKAC8E8BTLt1s1jx4fPxumwB3ecr,1xgLCvWYJGuCxqPunbBiUxmSKLDwxZeu5 | 17c6L9JUGVenn6CfqXuB93L3Tk8Tbzefui | 1LtEkbFPkXouhn9uUyYbaGwUEF4AUazuR5 | 17k3Gr1KM16X5cQ5VCp7sBmw12Gh9bpL6m | 1CrnUia9wfeNFbdwKJNj89YqA6qetvYTTE | 1L9kYwPr6SWvp8zsxvJARHt4UUVk51WQcf | 1PxUJBokfT8Cn1pizWYeJpbpm9To4HwRHr | 1DayUvccL8WV7zjkn26aC3M4hwGwJFyFw4 | 17jkFTQuYaGssazzqZ6CTHgRVQYRgLmf34 | 15fLMPJUAyiuc28gscdmRnVu1zUC1TXHtz
1056,2009-01-19 19:12:52.000000 UTC,90ff15e5a80593977fb2f6666de2860584d39ebc3a41f65a0a1fdc3a851aefda,6,1,275,275,0,275.00000000,12higDjoCCNXSA95xZMWUdPvXNmkAduhWv,1PEsXxy7kVSPL3Sqw9q4HPkbM368tGTYcx | 1C1QnL6oZqiRmKgaTm8XZbHccwupvJsAwG | 153h6eE6xRhXuN3pE53gWVfXacAtfyBF8g | 1JCNTEzhK5J8dPhhsnarS3UeQe7rxgmZig | 17C8uaaknVNSfGM6eeaZQzrrEuhveQPirv | 1Fz1PZ4m2PykPasegmG3oWNXTu837Buu8T
1184,2009-01-20 21:53:12.000000 UTC,c445fc181b4570fa107006f31c68132df2df84160f6dc783a21e10f4497e3589,8,1,400,400,0,400.00000000,1FBgZPF9ceV7JFDgvWzwJdPjdn6VFJqc5s,1PD7u8S27HS3PcY6ZKAM897RQLK5rx87wq | 1ajo3LNjjNWK7GMJwa71tcR3Mk6roeaS9 | 1PmxdAq9UdYqB8TL45asUeV4PxTLiTuNiw | 1JV9ZQX6cCd4YrUtHHQm9iDL6cMxP3oQ3J | 1MxQgXvgUuSj7ScRwuJ3p4t9rstnd3NqFv | 1JjyaJhj7gM1BDPjkKvNPp6zGQodneSRzW | 12oAMNsu5qmzpcafSKJMYxnPCyaYxui4sp | 1LH3y6VPnF1KcPhxLSJ3eJ3NHvXWSaysAr
1213,2009-01-21 04:06:22.000000 UTC,7f1f0cbd84a06c073c3164b463eda189fe3f98a9744e553380c23e41d6125c60,2,1,100,100,0,100.00000000,18L8V7DaFBjAbzF5rzmZqCym31KAbjDQXC,1QNzY4rFXUrigUtbuvPu7wsKvHsDQKv86 | 16HRfyssnLAtnpWG8pnGJdGgNpXtKW78Yw
1296,2009-01-22 00:05:34.000000 UTC,59bf8acbc9d60dfae841abecc3882b4181f2bdd8ac6c1d94001165ab3aef50b0,10,1,500,500,0,500.00000000,12higDjoCCNXSA95xZMWUdPvXNmkAduhWv,12V3D1ytYGZgYTgmuNh8JLAiKMF9chUoDd | 1CsZEWqUk95GggXg1mvxP6qWv95bCvVaZs | 19NaaYCw1UBQd2gFfc77bKnVesA5d7fFzM | 15Eto1LeCTkZGkPwr3H2BS8Nu1yadfeEH8 | 1qvpfJXzAzKJvkbBFRVEtNZw6yU31orDL | 1HG3byV85t3wiZ4uazZJvntRQT2Rmw4rbm | 1Ktq4ujHAwk8Utk1AGzCCq2aFBRbdkMeh7 | 1HaEeDfAWeo4hopjYMAx1At75uhY614C9X | 1DGgqqQHfwGX28FzenC2DgqX2fzgU99urQ | 19QiFoYFBf8bo6STnvdCD21ASskDGkpaSQ
1389,2009-01-23 03:49:40.000000 UTC,1eb6633edc85119d120bce6d484557571ab00b5e538de09fe2e21b58e9986528,3,1,150,150,0,150.00000000,1EQkvhEsewdmDuvNTSgvYafu79F8Q4B3CW,12VKdj1La4fnqX7qTQPfPwm9McBxtmtSsG | 1GHH9T1zinmfy8VqYcSuZP7qtCkGSPR44V | 19oF5fxNiUDMr7FyZzyZhz9TxDdKGGkqUW
1454,2009-01-23 22:10:57.000000 UTC,8ed5a0af151cdbc8c0c546cde29334f15b4472bba105394a1221a7f088246846,6,1,300,300,0,300.00000000,12higDjoCCNXSA95xZMWUdPvXNmkAduhWv,1D1FUseiHmbRPDCRvExrBX3C3BtFxGimMz | 125JeyLib4bzAkqFbcidrNqwcty6S51yCu | 1BtNBoKGgME9HCkjeHNJ6FrsZaAMTLCWED | 1DGdXqZeQsMKwfEpbAuvPHt2d72jfk1VWG | 1L4Ad5A1xw15cr6wkmEpHBYeMTSDEaVct4 | 1M79wfuR7Bjgeu4DgfSP8G6E5Mpx2hqUhb
1586,2009-01-24 13:56:43.000000 UTC,3a5c037f79eda4d61925529dd68951b92c11642b224f0ff3230c4a79f117e8f6,10,1,500,500,0,500.00000000,1PxeCXMZBuXHt4CqWWEQ7Kwgdyob9P955L,1AZBpyYUSWApQkKqsEDZ9mriWCZMArrgzR | 15aLEm1J4nZiLBEd5MmdRSj34MnF5GCaky | 1675n6xp1aQ53w8kPJaghB749v5ekeyVGb | 1J6AgPccDGJ9NdGD9RjnMM8zPvWmcMRpEX | 1MDDHENF1xDvN2C1a2HzvC3nuthsjXyLjL | 1Ewy2mCVfDwGRBEDbFzHTMsDiCxTGLx72A | 12BpQhir1LnPLoENAGAqwfW2X82kP1PCtw | 15dnC28mA2tnbSbyjtqVRVtcmXwroDSrJQ | 1CLK9m1s3D9Lc2oQprZ3jNdz9ikcdbH6vb | 1JNoSuNB7PVtMyeAy6nkNNcbubo4cDPPAS
1767,2009-01-25 11:27:21.000000 UTC,1c6861aa429c0c8b3a5be978160a2b5671c5cbb1d8194bc8d54fa2da154f3d8c,1,1,50,50,0,50.00000000,1CG7YVf2msVU8on6zrAUpfoqzD3avUDiWS,114Y2Hz7uDHmyK5iKhAzMbPZrHbYnNXqAX
1945,2009-01-26 21:09:21.000000 UTC,5559270f3e12c0b9136cb6caf147322669394d2c9b90fd7a363f3e685e7c2407,20,1,1000,1000,0,1000.00000000,12higDjoCCNXSA95xZMWUdPvXNmkAduhWv,1MUKXPFrGZNWeJApikyeK8VoFVTqmDLDHB | 14zHfSpU4kbiqwqAHPm669SKe6HSbyKQkB | 1PgoNWcb45PdU5LkvVq5WnMmjUD2ameDsL | 17nKiX7HzHZeEs3hcHKZSJaSXQ3xPKrJrC | 1PAohTUrR2HTMRsmNbmdcL5es7CJuzvj6n | 1D6QRvDR83RQnLR9GdAD11MPwAYnbNKLQt | 1P7wSgzChCSmVLp41Yp7HVE624T5ypEE8P | 1ABNbec6n9hrevc6rNnDKqYmSr9KHCue7D | 1M6HdzAHLDBWoHPt7qufedD5Him3y5Fpou | 1ChPe5pz2bwvK4E51NEzu81Sg4zLSXoN6c | 17crXb2VbFYSRqWqqywyNUnfjB9Pb8GXEJ | 19NvQv8SBtfWiLqjdW7JUzZr78TwEDkz4F | 1JFmQAS8du4V8JvZBpwXvMnzyhEXkC4b7N | 1BGKfxaa8rMtKAsNXGMmAXmCeUFpe7pMxB | 114rh9hzgStCRbXWuuahe87nQdkY1Ebncr | 1LXgpvzVXBeiPaX8HLynZmib3968fiZHu7 | 1GaVH6stCc4bwYkWe6VcRM24HHSszq85a4 | 1BENJudbbZ8dfTwFtCLuJNWMTtBLE2bZa | 13yawe8cxT5xaYLQ39rAnbUUxeFppNrBpM | 1B2xDgdCGkr5UyZuiVuYBXeyGScBJco3Ty
1967,2009-01-27 01:57:29.000000 UTC,a4318436c7edba2aa3db89614f2a5f32880e3883b91593707e1d089b42ae1fb7,3,1,150,150,0,150.00000000,1C3J4uWTdpc3NoJWsCqdpqEjSViyxRXkF,1KR2fsrzrU7FeBs8opYJmWwdi4SkgCorff | 1CG7YVf2msVU8on6zrAUpfoqzD3avUDiWS | 1XWbD7hRJfAUmdrVg7pTdCEr7tcrjCzEi
2277,2009-01-29 21:36:30.000000 UTC,0da3014156ed70f8274a968a2000840c5740254d98835d0690c65efa5f10912e,12,1,600,600,0,600.00000000,12higDjoCCNXSA95xZMWUdPvXNmkAduhWv,1MHHjLCcUQvvEpn47yfvL2F2FTTiZmSwt2 | 1Eo32vpEPv8SZEQVN4ZuS9QzSMfbr8L4bM | 1Ciy18mnng6kY7MKJVdtWtVQ1a7nWEmZMA | 13Lw3LXCgovxkzLG6mGE1rLRMkbfKrzeig | 1GcqLQUtqnBr2Ah7ubwHSqdB7QZcDzQX2h | 19BBY3jRJZaEP6qMF2DRnkJXGfqdZDQ7Lx | 1tu8AqKF8FzUvWYaaGyYPpFtFyMWHWPCT | 17ATTgcpLLTCXx6AuUpoo6EGXDQexf1Jua | 1QhdLrHCki4hniFp5wd7SXy7Dk6cTWvux | 13AgD4FbYfjGhxe6shQAhZ7S7ZfvnhVVmo | 17X1kD35NaC4hveLReBJMPxQ4e2k8TKLtB | 14XybX98EZQpKpcxEZFYvCEV5S53dY8nax
2518,2009-01-31 19:08:32.000000 UTC,2ccc3f59d28c709770a8bc478b112e10feda4bf55197c2e48deaa0eb6bca0311,20,1,1000,1000,0,1000.00000000,17afxUJouat3fkaaQ9tZrDThxdkXGL4WrM,1Jy5dQmet2xg1Pk5VYZE2hSWu8StK6aQWZ | 14nELEgJL95NU3BKi5D734ysFuVUCEjLWg | 1AHJbmcNpaxrgwDc12XFXnUSfpED5ksSiH | 17LDnEt8ggVjH43QdjhZ4FhkXC9zXgk48b | 1HQkgckTBytqaGmwyQgqTU5aptuZ7qFiyp | 1CbDYwNDp5aA5FVmCf2Z95kjkMCgoBr2X8 | 1GSAXEQEW7st7prSuz89x6DjKEcLUFSDCJ | 1B2EqNLFj7hoSWJupZLQrGMd2unu8doTjc | 1AoWi2xSyQoWuxrYrdr1PPVi5PxA8caNGC | 1DCcZbNtttndh6tvoK8xRTB5BUMdfL51aL | 1BSgXqBzNHFfdqRHBPzLD23CFXpzhqpRrb | 1NdLg6FNKyFXyRfmFssW4DSgaWRzscYXUg | 14DFY3RsdrJ5U6CCgatYssM2gKAiyBm4mE | 18QQUbHJhyzFDVKhEHPhHFZF3qdBmp74eB | 1ADTuxdhYePCW9PEvkCKnib6jmbg6mKXdz | 19CkFSEiHB5UVah3fvZD17qk48m82TfAp8 | 1BoBh9JKnHVj1JAy2GS4LeA3yHyN6ra2qE | 12oRSUW6UVYNCUk8yyrFvbpbJw7uia31sA | 13evwJtdkEp2wcmv5xtqE7mF6pr5bFrbxw | 1DdhxvYwVrnUP4xcWaquUnmZ177HVeUT2L
2616,2009-02-01 16:25:12.000000 UTC,7d73200eac9b66ea105fe63378c69f5d68663f925297117ed178deaddb6fc3d5,2,1,100,100,0,100.00000000,1CHE5JRfc5mr8ZtVUP7nnsS5HC4bWcXoc6,1M7EFYL39BSxuHWmzTMpamyDZ3j2yAbmvK | 14pJ6BfHiPdYK6D7YMrqTJc6Y4KeXgRA8c
2754,2009-02-02 18:21:36.000000 UTC,4b96658d39f7fd4241442e6dc9877c8ee0fe0d82477e6014e1681d1efe052c8d,1,1,50,50,0,50.00000000,18jANvQ6AuVGJnea4EhmXiAf6bHR5qKjPB,1GEhNKRWcePnKDhAieuAAcW6FkwDNZqKX7
2812,2009-02-03 04:47:39.000000 UTC,00e45be5b605fdb2106afa4cef5992ee6d4e3724de5dc8b13e729a3fc3ad4b94,1,1,50,50,0,50.00000000,1AbHNFdKJeVL8FRZyRZoiTzG9VCmzLrtvm,1BEAp84rY4U2MJNmUkaF9BNavTEEG3ZSfd
2812,2009-02-03 04:47:39.000000 UTC,131f68261e28a80c3300b048c4c51f3ca4745653ba7ad6b20cc9188322818f25,1,2,50,50,0,0.01000000 | 49.99000000,1Fmjwt8172FZT5XdKnzTUcEEzc1T2MCg2a | 1AbHNFdKJeVL8FRZyRZoiTzG9VCmzLrtvm,1AbHNFdKJeVL8FRZyRZoiTzG9VCmzLrtvm
2812,2009-02-03 04:47:39.000000 UTC,74c1a6dd6e88f73035143f8fc7420b5c395d28300a70bb35b943f7f2eddc656d,1,1,50,50,0,50.00000000,1AbHNFdKJeVL8FRZyRZoiTzG9VCmzLrtvm,1AbHNFdKJeVL8FRZyRZoiTzG9VCmzLrtvm
2812,2009-02-03 04:47:39.000000 UTC,8f5db6d157f79f2649719d5c3ff12eb5502edf098dbfb69d6ce58363e6ff293f,1,2,49.98,49.98,0,0.01000000 | 49.97000000,1Hr2Pj6p984sZ8eC9333vZTkfZhASTEMPN | 1AbHNFdKJeVL8FRZyRZoiTzG9VCmzLrtvm,1AbHNFdKJeVL8FRZyRZoiTzG9VCmzLrtvm
2812,2009-02-03 04:47:39.000000 UTC,a64be218809b61ac67ddc7f6c7f9fbebfe420cf75fe0318ebc727f060df48b37,1,2,49.99,49.99,0,0.01000000 | 49.98000000,1CbAopr7sNMKjsJa8dAS6P5sM788kmMooo | 1AbHNFdKJeVL8FRZyRZoiTzG9VCmzLrtvm,1AbHNFdKJeVL8FRZyRZoiTzG9VCmzLrtvm
2813,2009-02-03 04:53:54.000000 UTC,0ba27c495fd6d3a678c0e8cecee6e08ad81c6e34bf11ec87d6dceb8ab6b0fe2f,1,2,49.95,49.95,0,0.01000000 | 49.94000000,1DvEeksZiy8cxfWhC9j1mHYSo9eeXk1KUZ | 1AbHNFdKJeVL8FRZyRZoiTzG9VCmzLrtvm,1AbHNFdKJeVL8FRZyRZoiTzG9VCmzLrtvm
2813,2009-02-03 04:53:54.000000 UTC,2a6ede103277e9aa503d4a61058fd497fa06a362802086c64361ca10b4e3a803,1,2,49.97,49.97,0,0.01000000 | 49.96000000,12BiYB811ywaQMYxP6uW8HzbJ8UjYhFLHC | 1AbHNFdKJeVL8FRZyRZoiTzG9VCmzLrtvm,1AbHNFdKJeVL8FRZyRZoiTzG9VCmzLrtvm
2813,2009-02-03 04:53:54.000000 UTC,2bbeef72df21dade6fefe225c729feb0747e9759952c0e4b17f2c596e2296ff1,1,2,49.96,49.96,0,0.01000000 | 49.95000000,1NwUjqNdrfkz5nrZZ1FYEHtidex1Xart95 | 1AbHNFdKJeVL8FRZyRZoiTzG9VCmzLrtvm,1AbHNFdKJeVL8FRZyRZoiTzG9VCmzLrtvm
2813,2009-02-03 04:53:54.000000 UTC,8debdb1723672a7bc8be053b03fa52360ba730d1c4d71270da806203a1f36c38,1,2,49.94,49.94,0,15.00000000 | 34.94000000,1ACHpxEQg9hWgqFiBGu6r6g7Bgbtgrsr4p | 1AbHNFdKJeVL8FRZyRZoiTzG9VCmzLrtvm,1AbHNFdKJeVL8FRZyRZoiTzG9VCmzLrtvm
2813,2009-02-03 04:53:54.000000 UTC,a87e31b0e252fecc4a487e054fbcbd2545ea8a110747ef875a59b2e3780101db,1,2,34.94,34.94,0,0.01000000 | 34.93000000,1ACHpxEQg9hWgqFiBGu6r6g7Bgbtgrsr4p | 1AbHNFdKJeVL8FRZyRZoiTzG9VCmzLrtvm,1AbHNFdKJeVL8FRZyRZoiTzG9VCmzLrtvm
2817,2009-02-03 05:16:42.000000 UTC,5b62efcc5b069ab78504483869b71a9cddff63eb123bafeadd4da13c1c2902c2,2,2,32.93,32.92,0.01,0.01000000 | 32.91000000,1AbHNFdKJeVL8FRZyRZoiTzG9VCmzLrtvm | 1AbHNFdKJeVL8FRZyRZoiTzG9VCmzLrtvm,1AbHNFdKJeVL8FRZyRZoiTzG9VCmzLrtvm | 1AbHNFdKJeVL8FRZyRZoiTzG9VCmzLrtvm
2817,2009-02-03 05:16:42.000000 UTC,65f75ac62da749585c152f0ffed3c3482687699ccba81582561590c4e16306c9,2,2,33.93,32.93,1,1.00000000 | 31.93000000,1AbHNFdKJeVL8FRZyRZoiTzG9VCmzLrtvm | 1AbHNFdKJeVL8FRZyRZoiTzG9VCmzLrtvm,1AbHNFdKJeVL8FRZyRZoiTzG9VCmzLrtvm | 1AbHNFdKJeVL8FRZyRZoiTzG9VCmzLrtvm
2817,2009-02-03 05:16:42.000000 UTC,f8bf1e886d6ba6e4927acf861cf5ab3e62af2d50a6b011427f0369fa3e058eb2,1,2,34.93,33.93,1,1.00000000 | 32.93000000,1AbHNFdKJeVL8FRZyRZoiTzG9VCmzLrtvm | 1AbHNFdKJeVL8FRZyRZoiTzG9VCmzLrtvm,1AbHNFdKJeVL8FRZyRZoiTzG9VCmzLrtvm
2914,2009-02-03 22:55:58.000000 UTC,d85a3b216f8d8fb27c83d340649966e0b1ae3124bcd8373ffb6284dd775c49e8,1,2,50,50,0,19.00000000 | 31.00000000,1GtkM4wviwohP192tec9g83hd9X5qtbk9j | 1KKQHhasw82cjLidcrEFmcXavtXcja3qdH,1KKQHhasw82cjLidcrEFmcXavtXcja3qdH
2915,2009-02-03 23:04:52.000000 UTC,66ac54c1a3196e839c32c7700fbd91ee37b1ed4a53332e491bf5ddcd3901d0b1,1,2,50,50,0,19.01000000 | 30.99000000,1CHE5JRfc5mr8ZtVUP7nnsS5HC4bWcXoc6 | 18jANvQ6AuVGJnea4EhmXiAf6bHR5qKjPB,18jANvQ6AuVGJnea4EhmXiAf6bHR5qKjPB
2922,2009-02-03 23:48:49.000000 UTC,5c98e15fd2f37006e411d0d8fc7a7b41149678caff0ee06e2fd3bad5621b17fb,1,2,50,50,0,0.02000000 | 49.98000000,13UPd24YLT8n9obxESWxVskCFpJidWd459 | 1ExF15z6YxFrNZHcnH2sYohbKBh47b1aow,1ExF15z6YxFrNZHcnH2sYohbKBh47b1aow
3307,2009-02-07 02:31:07.000000 UTC,277951bc92bc86ed75ae4baa2ac5e7d1f3ecd2c951819796ad7d04cda431f430,16,1,800,800,0,800.00000000,1P2ZAuW9nUrFfwgVjfL2SA9sPXSruCfzp8,1GQ8YiKA5LdmHtFHpboma5CFKoYe27oxN4 | 1FQ1ScppkG8TScu7w23NBezrT8x8Cpsp9r | 1Hxk7aoayHWXVzBhk2NjoVpJP78Rs5c8Qc | 1QFxxoqmVTz7FvbTbX59YXR8ftDV337iBQ | 1C4cG3RbuTbsuYxrujm9QMniLD56ECgEtg | 1J4kd4pf6S8ehW7fZqp7d8aMKmx9uABjU2 | 1AYdT9tPwhLFHLPCvf2TU3WD2vmaFdMN8H | 16fv7QfK5dw2J7Kg964CMHWNzsF4xrTsAE | 1599xy7gkakVhX3RqXbHMKqnUW3RLeJ5FZ | 1HaLjSasu5XUGUgRLed7xCpKw7SnYz8KD | 1M6GpfJhMPKpxqFYsSUNPxSSMDNAP7xEDQ | 1BeN1XRx8U47qkhXXT8YbGdzR8NNHAbLRB | 1EPdNxgmzWjxZTyoFM4qHECT5J8t1WbeiD | 13whfwQ7kyKMnKcMjw28ftYkUo94YD3Qdr | 1EQFwQgRJKrfvUFhbAJa7pMZq5Tn3UqaTo | 16jDUSyef27eC876RZ1zURqcwv5X2vF86E
3309,2009-02-07 02:54:26.000000 UTC,3015186be9276f543d8e3e639c16d7627227307aadd2c588d2aa43c98ac2a1b3,3,1,150,150,0,150.00000000,1NBNWXmmMCi9ZSNeC6jwCYVw5gKYpfqUZi,1JSnYFMbMbAB9hCT78WWAP32Hhc6EaVBSJ | 19H1kGT38pPTxPSZbc3qrS7VSkACMY4hmj | 1BHmtnv7XQbYEKtBLdBx3tHGQJ9sXPrGsL
3309,2009-02-07 02:54:26.000000 UTC,d4aef5bf687ad1e45389c353b55a60073247f43a01532b17c90f20afe9963f05,1,2,50,50,0,2.00000000 | 48.00000000,19huNZcrTUiHeZCjYhkXTYTx2K48j8h7ka | 1JjFysiU2h8TmkuTYxQfRhXMSeKwi3dHKQ,1JjFysiU2h8TmkuTYxQfRhXMSeKwi3dHKQ
3309,2009-02-07 02:54:26.000000 UTC,ff21c5c13081bf836295237b908fcf0c0c28acbd2149f64cc37efb0025cbea9b,4,1,198,198,0,198.00000000,1E87cVPLZ938w7vYEA1e9RWSc8mESPA3J5,1JjFysiU2h8TmkuTYxQfRhXMSeKwi3dHKQ | 1Bwuz8F4U4cZvsHopezPHaCkxvAJjXiPsv | 1Ej46bsDk7PdQe86QpjrUPCksmxStzL3dx | 15ujSgyjRLp3vgiwiN4CLgYDfC1TJRhTa3
3510,2009-02-08 15:51:40.000000 UTC,92f55c2c0b8317eafad83c73487fbeceb8279d0eb57e398763298e6cc983b356,1,1,1000,1000,0,1000.00000000,1PZwWEJe5YGx9bzJbEpgXiWLuWnyD2rjLA,17afxUJouat3fkaaQ9tZrDThxdkXGL4WrM
3645,2009-02-09 17:30:34.000000 UTC,cec658ace2eb9fe79473a0161ea726a69924fdc17d59c39d7c58f44c36d034c1,44,1,2200,2200,0,2200.00000000,12higDjoCCNXSA95xZMWUdPvXNmkAduhWv,18KvkdfPUYRZZG2vzp2Lt6rRnMysSYwg8Y | 1BW5eBrsK2Jp8X4s45Tvmm9Xfdu8c2LyFR | 1Ku3tvX5LZ3DzVP7M2u1PF4fJXsFK7jh75 | 1wffbGR9H6H9A4L1s2UfE1MoPeLV3eeC5 | 18WaG41yAQAJ1W5wt6bR2MSGwwKP76EVAo | 1QHZQergVWYfQUYQ4DEhosgCdf6MBU9QqF | 17EnRMKdTB1fCrDpnbhL8NxfKibpS8hKxq | 143vizLj7Qg7SH5YYQkL3KTZVceGtFfEA3 | 1CaeMUQN2wvpKEXVYxoxePCqAYjoZhDegK | 1LQXPwEyy2KAL7WMhhcHhF7gPZdheEBvmX | 1K4wWYkkNLYpZEDqZw9bRWgVSTS2pATRfM | 1CPECS9iDQWPRfwqyYsiKLe9Hmq4vdjn7Z | 1MU6n4QANYDrgZ3ZrMmSnubJ7sBW4e6tgn | 1G99p3ivRm1NXxFRauY8B2WQWdPzoKyBDW | 1C55T1K1jRAXMzJ2hoB5kzYwUVhQRytNuE | 15sSq5hQU7ToXgnpPncNgnLy5GaXSzvphd | 1CdbbQutoTUeNiH7J55feFsqsi4AaY1bJM | 1HWPb8CAT6NPudimHQEDVzJTrdZSZETHwH | 1BwwMnnixq7H6fp6aKmLLRasGkwJc935AP | 15CMgUkRtUyGdnK9zXYt4nmxp3qqZJ2W2L | 1ExbsJ2tt685LRJvZd3XhGVgXPbFrvc4yj | 1L2dE82Qwzrq2aqXQGD18hMZyFLXsM9EG7 | 1EXKj5nbs4FymLLJAvjDMk4ea9nreGDUoC | 12ZjYzK3ebPKPeJ7Hw8PyZ3A42S4fRc9Sr | 1CHvbFZGnvV12AokFAtc71WxMCJynAmVjz | 13cbKDYKmFnJ9FCpyRuuU1v1Ms5ndnYgx8 | 1BKZHuMctGcAaVEcmewiLBNE4kkwQqMQVn | 19wvVXPqmssgkyXpk6V1Gyr5J6Q7B7WrYL | 1ADPHabNSJACDTM5CfXMqFZkN4S6rLYQz1 | 1MFjSnxx2bKwPSA7ijgqaACCeFuQJanZmj | 1HccZ6tKrQ4aEYyaJ5fZWJ2XnFaU1Cyfrw | 126jEcDoSWgGm1XAAWNMG8DPMsZARS9AJE | 1C68iAZGXpdif64QFDFmSzqyWHoc2cf1v8 | 199qY9G9AYPermPtzPFjEfigZJJ1sABjfp | 18uR9o1HdAmggGSzNPteSZvYEGRQATU1SQ | 1NuY9u2EG2F8J1Mtpk1fBFp2tZcVkVBDZZ | 1MATWhVc8qAZyb6XMnjPmPyx18eFDg7gw8 | 1EhSSKmasBhDbWiuwhAGB9L4AU9h9ZhA36 | 1EYfPtzz4iXFXpXip5oDV48RkurxuYiXXZ | 15BvVdALyhVemgxHbaWGHWPaAgn5H7qmPm | 1N1n61cKZLAZ7UzKr55jMcZ2xV8JPdk1Ce | 1FwSmy4jxBevXNjQq6PGV8GpeFx8Fwmk29 | 1Cv6DzT7opgc12qKeaXgBYW2g9uxA8YPNv | 1AzAh89xHABMMJFr4C7Pp6iFtfMneQBbiL
3883,2009-02-11 12:28:34.000000 UTC,6552f912925b21c02b43f7d55ea0d76cb64dbe0ae31ceac97b97ae41aa9d0878,10,1,350.04,350.04,0,350.04000000,1JSxDnLYD4XKTQ73N7in2M9XRovw5LANiu,1Fmjwt8172FZT5XdKnzTUcEEzc1T2MCg2a | 1L6gcb5NaXUMT19bBUMrzEWXh24bg6ZuxD | 15awJKFXytdjdK9fw2So1rXkpqHetYJ9m6 | 1CbAopr7sNMKjsJa8dAS6P5sM788kmMooo | 19Vc3ZbCA6UQqWfY5CqJHPHDSK3LMAaKYD | 1NyTe72c6HfyUqeAkRNM298fg2JnJCfJda | 1BJhbhBP2ukfAoSCKDHJu2VVv2NCLjUnNf | 1EpWZ62CYvxw3K9gG7Wv48QZ5md5B7Hrtm | 14UZTYQzKZ4LHDP5bxD94aApWtmHRVibod | 13UPd24YLT8n9obxESWxVskCFpJidWd459
3936,2009-02-11 23:32:48.000000 UTC,3800f07be0bf44a9a409f9273f14e086d314519a21e7b83e81e46b6b4ec188d0,4,1,200,200,0,200.00000000,1JCeMgVeDzLdxz3G5vRin2ydNxUp6E5yFf,1PVsczT6YHsaoeXDdkUGiPYVyvzRZkvhw8 | 1MXwHZReY4GmH2jzyWU4wL1Szmaq9ZxaCB | 12xHgpw4n8Rsqj81CqLEFV5SyBF747dbXd | 13ru42wAiKYb1n9QDJER6BGrFWvLqreP8d
4406,2009-02-15 16:53:32.000000 UTC,dc6846136494d63c92a895dd0dda5fd83e4deaaf1eff1cfc5a640935f64a7548,5,1,250,250,0,250.00000000,13u3u1tRYmrm11nZG7bbCkp6QaWKMa5tCq,1G4nNVTcyGUbKdaumRMWYQLutJ16oqEsB5 | 1KW6LBxsFm5ifJs1pvvenMsYhVJmJ4vhKX | 1JDpR14QZzvQE4rU6F7GcqeDFZEXwLqpVy | 15vY2SV4xxxbbnQsHM26tiWSHM623a3uKq | 1NXcksMx7G1UjZEZLpa68Zew8nL7RPxrkD
4408,2009-02-15 17:07:30.000000 UTC,87553c376c32aaaffe46ebe6368a975809962ddc166859c5330bed5d822c467d,2,1,100,100,0,100.00000000,1MkPGMTj2GWkAnNdaSuHjxVkNinigt7mBT,1KSc4ovVdWsVgh41QWHDsnGa15xyQ1WYGi | 12jBk6eaF69zdW49kaZjteCrNiJcKrq8zC
4409,2009-02-15 17:27:21.000000 UTC,44e2654e3d0de45d6c3195d4d77a12318b13547b9cd0160b96babaf0c00a6f50,6,1,550,550,0,550.00000000,15BKWJjL5YWXtaP449WAYqVYZQE1szicTn,13CmHLef7xsSmshnLytsWNE7J1fQSPVCGZ | 13u3u1tRYmrm11nZG7bbCkp6QaWKMa5tCq | 1MkPGMTj2GWkAnNdaSuHjxVkNinigt7mBT | 16GEmWE6dM3p4THTsjhebno9HtfH3neuXP | 1PWZUkjSpSTVhBSUyMX8ZQnL8SvM6Cxvxf | 1NkKrBN2S7WwXkv2nkz9QumtCXBsZ9Ve5T
4540,2009-02-16 18:57:34.000000 UTC,c1c590ef9400b8dc52335328eaf59844ab98b953ab60c57ea3612bd893208bf4,30,1,1500,1500,0,1500.00000000,12higDjoCCNXSA95xZMWUdPvXNmkAduhWv,1A9VNjdMGHdMRhaHNj8zwRNLoutbDysvoU | 1JRokdd7vjQjJU6gWeqQd3QNMTpr9pCmob | 16v4C8CxEGRJhWhu5gpBGi3NzDeTZyimzV | 1oc5RYrBd7zuUTqwgvvAYoz1NkxbJsAHH | 1r51ebw3j1oMM9jy87PkosAcQmqv1Jcqi | 1KS6qFZR4VWZ7tLJJzFoUxtCF1U4ktBV9e | 1Bridk59gmc6ZGLE62nVfMFJUx4R5zFuzN | 1F95HJVyhXFoKe4xkryTERjXWRsXNQDjZU | 1LGV8iEtahEVrGd9EccpnLvwHRcq7PeNRq | 1Nv25yWTUfiAo1pZbWyRy4Vg4AWvQ6A89H | 1Xm9ohWg4MiPQREEfuvr11Tr5tn6Kopsi | 13RbuajUiB5ara9m9fb12xywUGYk1y2tmq | 1DpSTVaPp4HLFk8FyD768ywKwGy9QWAWS3 | 16CYRdprMULhCfTxHEQdnXHzfG9tZBea24 | 1Z3Fzieg2fTJozfjaEhFAECW4Nhpepsa8 | 19t8ekke5rMBk5vFHgZEXGdWeWq8Eh74g8 | 1L7mFYrM1Ehvca2QfVtNG8Wq6myDDjuHHv | 1BYJagWeHL1Gh4yeEZFZABnPcQaTTngaqC | 1EFkg6caLJQvUhDNiAkdWW5Zrz5gWG4y2f | 1H59b4RTGi1ZsqSehAvV6wvhhQRH3yEqNX | 1EsTaq4qMLDMpudMi7y5eGU1AQMxixouo2 | 1N9bypNTKDAfteJGYGBVPZddys8qHHcL1N | 1G3NVEeczPkycHKG8gEbN6k2vASpeRijtZ | 1D9cBChY8ScmpmXfMKbn7kkNrqNGWCif5b | 1HYYQHJVW9ZHAqBAiGFDgqdwZxzFPJGrUs | 1MB5iazJBFKc9vLZ9Q3qfb3vsZPt86uJD9 | 1N36ALhVgZXAZHTtjsUJM3SwB1QoG4gLp2 | 19Pw8kcksKicrvERVXy6KtaogEg99zcWQS | 1AdU3Zm2wJSuj1WRNbbp5gYYXqEh6rj1qU | 1LJdGpzmudwkSN2DKDhKmn4rPCBmy7iv7W
4926,2009-02-19 23:50:35.000000 UTC,b52953f7104aa6ffab9391578fc34279ce221700acb2257859657b2901987c63,16,1,800,800,0,800.00000000,12higDjoCCNXSA95xZMWUdPvXNmkAduhWv,15jE6Zez6XEnQ1PjjmbD8G5F4y1Uw7YoBd | 1N4NoZsDqbdm9s1A5AFL246duFLm2vu672 | 122acrcc74diGrtY6RfpbSs5gMpTUuGMYn | 1L8R7hSxsMhNvUZJN66kkujCsbfqkemg9t | 14USGb4mSarP1SvZd6nCecJjs5HcxupRHn | 1BTT1iADguaekBbEFu5MHr46bYis8qmKR | 14eM3jd3jLSwR4UsW6qKurejGnePkCnkRv | 1LNkG5BWKBxava17qhK2Y1BFMEWHZnB5PQ | 1LdtNmahVqjwanKE8RyHK9jsMC4qDrG9Rm | 1Pk69vJ4TkqduQ8JhdziCAb7QmFqeZyuMu | 17gFgP7VH3dvRfegD1LbfuKDzvpU9bQ8zG | 17hVuDmYGw8GRHRp8Jft7B6bW3FcipaY35 | 1E3ebvgdpcUfNUYLD2bAhGc2Gnvt2go5E5 | 1KeascwPZj6zvBTtTY7ZADNRLiGw7cXzPL | 13awze16kkdfaPaQCKkNUvpMdp5oC51VqT | 1NR9njogeHd1VAeUz5tBtrbUEbkHJ2d9Wm
5217,2009-02-22 10:32:25.000000 UTC,9fa5efd12e4bdba914bf1acd03981c6e31eabaa8a8bd85fc2be36afe5a787c06,4,1,200,200,0,200.00000000,1KNbLi88guJMmEjDfi2bfRu7paKJvKUo5A,1N2n4QmwvN7XVtvo1r5diNiKKdudBWXTFt | 1CunnTGVXASBSYFSFDauzMGq7s2EP73Kg9 | 1BxMsLrkfxgWqAWPzB9oWbhNHcjdNEZZzB | 1JarbYXHxTCwYZGSbzSib4Gfyp3VZnZusF
5217,2009-02-22 10:32:25.000000 UTC,bea2f18440827950003bfcc130d0a82ebff013cec3848cdc8cb1c06e15672333,1,1,50,50,0,50.00000000,16B4L9Cr5U5jvTPtXWSBB9F96pETrkgRcL,13DuLyxajWmwwsg63iZUFWKXRtQMuSDhtz
5219,2009-02-22 10:50:53.000000 UTC,0af02f1ec03ed31d187c4184fe56b889d92b1def2310681f43ec1a0d84365273,5,1,400,400,0,400.00000000,1G2Sbv2oDGPiSWQ8XammxBSiFRukwrAah7,1KNbLi88guJMmEjDfi2bfRu7paKJvKUo5A | 19kZpHcrFUMgfT3Gdv6VP5PWDsko6WB1GX | 1AtEFkW7v3XvsAsqoKrvoE1zi8edfmLETK | 16B4L9Cr5U5jvTPtXWSBB9F96pETrkgRcL | 1GcEifCQ8QJ5j9vzbNuhDHyBdNxTgieSio
5219,2009-02-22 10:50:53.000000 UTC,0f0fbcc18fd0d090ad3402574df8404cec1176bc000f9aa0dc19f8d832ff94db,1,1,400,400,0,400.00000000,198aMn6ZYAczwrE5NvNTUMyJ5qkfy4g3Hi,1G2Sbv2oDGPiSWQ8XammxBSiFRukwrAah7
5807,2009-02-27 19:49:03.000000 UTC,cce68eb6b57daed6011d10bb717be3a9616153aca1dc785d33a0e7a7c96d9b11,36,1,1800,1800,0,1800.00000000,12higDjoCCNXSA95xZMWUdPvXNmkAduhWv,1DMmsG639QERQhpy7TrXvnBbsRHpWFskdR | 1GGGd9xv6U5mtBvaynpFntVsmhMHQeGZQF | 1E5Ev2qKbadGm3hkWi8NdGFfMWbHBvpSxp | 1PGCaMxiSzPz7ik4quv9C2PeftCosNgQU | 1HdDCMp1Skstgc95gwRFioXcoKiaMukoi | 13SDF7iwvLAN2p7R2P47nSMJRbrbsFeibZ | 1Hoagem397FdkKCMGbqyUg959kFY56BiYD | 1BZ59U5EkcZtwM2w3MGwxcC7c7YqU9cFZh | 1mKhgDQNc4jJsWNegtEGTEm2NV4PToK11 | 13q9iTJTxoWdVgWjd7cUGgaxEQ8Ceu59m5 | 15D8pE36nma31nNz2F3w7N369yT5nbfRER | 1C8PSrCTNR1XFYDNoYh7DW19nhNhbTQpCh | 1C4x3rRZggcFNRVe4uvE14tKyRNHoZyvyJ | 19nRaJKQU73rVDe3q6gJqQiUMwtyCdxQbb | 15QqvnRXqpvxVu7mgSWHPbAEBMx9KWyLX3 | 1CJeJmkJofLQ96V4m7kYwxgoBA6dmFRhPt | 17B7aFu7NnoyFFvyE37iqNCX2EcKVWeAFx | 1MKqxZPJCpYQxhwjXU6EKk4NFKDjzcRWNb | 1HptjvcKrkwe4nN4kFgnYVrnJju4vTWZRu | 13o2qaN3W4fAo3Vm92CJmTCEEXsgWaPiEm | 1AaqyNyYGCtuk9JuSKuXMSjtfXkmSdB25r | 1PMm4YA9JikEGs5Tpbxr3tqTr69eruWwLU | 1F6zqXd7ffGfJnXjEwj5bLSzwqoahdsLK3 | 129C2XFmgjVkRxMnNDVVF5H5fb9NNFQ1Xo | 1yZWQYuFhAn84dZS7bqGwvCgRcuD2eMCn | 16QRaPkkpYHyTbW4jVJ9c8s25L7ArHxJiH | 1CmDVN5uUuPbuwyQ2jefP3tdPQrQ7emBTz | 15uwBsdAqMedRs8KBqbsJUx7ktNLJ2jgQ2 | 1qviAPm8EKEktnn2Gtkb8K7eYL9k9x1uj | 18hE4MYQcKFB4ZdoqZ9gzwBzrwvjGDV61L | 1bBBrQgchoEGhqT7WcDFkjQLnyZUESS5N | 15KNyG66L4U9MYsw11UimFKtifd6HYqRN8 | 12p5ffZSz8xrjXWT5xpALsCfigNoVgpwyF | 1EppuxmBGGWzjKsQ9Nh7yQnMxMp8fWWyJZ | 18pyCChGgU4tQKNfCccf4X5UT2GP1ZKJGr | 1Lo81NrLgMU8USNxkMSfcXhKhW45EARS6X
5917,2009-02-28 22:13:34.000000 UTC,1ecd272fc854e5a1a241431411aad6e3aa74e77942b9a7c54c5c732eaf9732a1,7,1,350,350,0,350.00000000,198aMn6ZYAczwrE5NvNTUMyJ5qkfy4g3Hi,1AcrnRZEa2XFBkihsW7aGfQ9J8DKY4mUmX | 16yv9zYi4msBCf35uWoGtAZD4mbyzRKCWr | 1F2pJPVbpF8ZS6eEA9pme7jko1o3Xugji8 | 1FWMqCravjFJKsN4SpCGUgCyNUfWdsSRaj | 1J5tM9vbX1VGMxQKX9Pi8HBLP72qWKXgow | 1AttsCkpM4nRgBfxfnYNma3hioCThGaoY | 16W92UXf4Ate1cSKo1X8AvuBoqKgC6pJgH
6156,2009-03-03 04:24:25.000000 UTC,2d7d4385db1b1c5f809931ccea31c76fdcbcc82ba81d15713b30e8aa03de82b5,5,1,250,250,0,250.00000000,198aMn6ZYAczwrE5NvNTUMyJ5qkfy4g3Hi,15XCNtifYkTMW5KqNU877MHtaB5YpbzFnd | 1PqLpZjTj5MAYU85qvdK5xHH92bpdXgx34 | 1CH2Zdxs5mEvreoexcaJCBTkfkTFDtpPFi | 1FK4tAyRr2VzanoGCFZf5mYfKjiYZzzKj9 | 1FNoDLf1JAExBqqUbrH26Urax763jVqTu6
6156,2009-03-03 04:24:25.000000 UTC,2e8fa683ff6777b929d38d119dc7c1e15b6a6e78629487775c659fa53765498f,3,1,150,150,0,150.00000000,198aMn6ZYAczwrE5NvNTUMyJ5qkfy4g3Hi,182VpquAsnVE2Y69Ac89gTBT46VePargZ4 | 1MQMXHK4orB9Qdc976md9BpkWwatfBgDDh | 16QJWbGGa5gCJqiph4XD9UQtb9XZ5nA9bA
6327,2009-03-04 19:28:11.000000 UTC,93010741e990f05723f4667a3ae7adcbdb220537dc6909580b1443c34c4bf3df,24,1,1200,1200,0,1200.00000000,12higDjoCCNXSA95xZMWUdPvXNmkAduhWv,1nkEKjGXgsDvcDABcJ44qujD22cTrGDaS | 1AwZZYoSMpmSFBiBRZWtVkPeTSGQwxf18d | 1NkatgQTARqL97kjfgrwxQGq9NB6a9524M | 16JmerBwo7FetH3Xqkewa7ozaU4FPFYmWp | 15HTSrdNK6xTigmHmAVxPe9NVv2BzAacT8 | 1BNP5cQzMmJoZSK7qbXfUnuPouwuExbZa4 | 14gGyYgK7hKHgTkBNcGsurCMdrdFWFs1MT | 1J28f6UrfqAV2sYdabJDdrKHJNPqZHxrGH | 1FSfsUqZp5PwF76vn2mnfveFLucaCz2Ur4 | 1CTSZSAL2nmBrnDVSZ6aoRrDXnscmxqTNW | 18fjQ7CXGM4LRRs5DSgAt7ES529UWePk1n | 14kmfA8kzrWLJ41ijyyMuqXoCeKAx5HrhW | 15fFuVEe7x8V1Acxnp74XQf5j942EUqHJU | 15bNpvnhh5fnuqGMHhKN4K8Y8oQYVMXEBh | 13pYoHZrdCdjccTBXdXqcCRWYgg7zM7EbE | 163qP7Rx8n2y4udNkum7Gi6HMSJN7cM6XS | 1JhPM7aGS6FZDBegbCwCvtzPW44LhA9Zbp | 1ECTFTCaUZ7fvNHKwwN7EEd6CJYvF1FRwX | 13Gtket9np9cbzw35PDiGC2RmQHmb5Zj8E | 1MDBahoHqhdAeoxkusntbwZ5vvou2M3s5J | 1MHXDCdhZnnG4iAbYE1s1bthRAnfUAWNLE | 16NpVm2k7FBxFzTitkLtzCZoSzsnk2tdtM | 16MU3EVtAebNjvk3ihBJHiqc84rGAMp4Zw | 12zUctUWWWFWi4X8S3QwpqeiVe5HGiTu4G
6343,2009-03-04 23:29:22.000000 UTC,fac995ec5fdbb948c10aba4762c78663c38c312f43fcb91551b5770b6794bf67,1,2,50,50,0,0.33000000 | 49.67000000,12higDjoCCNXSA95xZMWUdPvXNmkAduhWv | 124wRWVmAkRejjv6aPuF3B4qi5ww4uYKLy,124wRWVmAkRejjv6aPuF3B4qi5ww4uYKLy
6456,2009-03-05 23:50:07.000000 UTC,cdbeb55fd9895a5409f6bc19608fa51cc7b2aca9d068e5908da27003c60f6970,8,1,400,400,0,400.00000000,12higDjoCCNXSA95xZMWUdPvXNmkAduhWv,1AyEj3LukJoWkmFnvyrAyEuefyP9Z4XpCK | 1376GqPFxqNJfkPGJWjrPb3xdVq4m4Uoiw | 1AQqJ5i3efJbD9vrp2FnfCz3bwM7pFM8K9 | 1NZDEeS9gLrSFPCzVXqpB8Tq2ngDDgmYLe | 15QY1Nh2JVhAnNrcnY6LHEfdFnpMipqbSL | 1GUEV1hmvnD3zeUBNMcwsn96wgmeQbJQ4N | 1DGzbJbTNWbXinDasreiqv4vugYdfhtnLE | 1HJWVdtfSuQAaHnifosi4ExCnPwsoUuNDY
6764,2009-03-08 17:14:52.000000 UTC,accd1171781ff942b496cc67184bdfbdac6cbb4b0ebc4559f07830a89c2d7e5e,1,1,50,50,0,50.00000000,1L55MZRkGSmKJH9XLsHxEyaY2ndWERmwps,12d2XXfBBMLiGK7HJfnuf26nS4prtmBzSx
6764,2009-03-08 17:14:52.000000 UTC,d7374c9a35997bd4fffb7cc089e6e2b22c5ee9f6019dc0fc881cc8b02e45b10b,6,1,300,300,0,300.00000000,16NB2rGfdV8sq12oBC3bXTvvVzZiqvzo8Y,1Lx1JLY9JYCc5JSAqKABmtX2msJWXRGMJp | 1PcVSf9U9mYKPYxtkVU6LRXLDBeqB3JUuC | 19P1ynmHA67Ss9kiVcG7z2oppnoQ7r9VQG | 1KeSxBmdeY6p7vimVKcYzUsVViDjzx3qDZ | 1K5D92GiZhn1QHWvvKwtzaRWVmYWbpfJaJ | 174ucaqYNYWGwwSwwXRrK5E4MX7KnNCsWg
6766,2009-03-08 17:46:42.000000 UTC,21fdd809c34dd0162c28834f8357ec1f698b1df49744731c22f43aaec85ab64a,19,1,1200,1200,0,1200.00000000,198aMn6ZYAczwrE5NvNTUMyJ5qkfy4g3Hi,16NB2rGfdV8sq12oBC3bXTvvVzZiqvzo8Y | 18K6hkAui3ZQqQudbFmRHyTXycF3wEBuDE | 1PaWtL4Nqm7VkVy6VHnEFujD2EXL3XugN | 1FyLtpZ9qfBWrA2YnTSaFsbKaLezboaMWZ | 1BCpP6Q4W2zLFaJZYteKGF4WsYpg4FbmaL | 1An84DZvBkeJ5kziQakU81MRWXLBU4MzVm | 1L55MZRkGSmKJH9XLsHxEyaY2ndWERmwps | 1FkF7W9DdrPYXpqDWpX8idhC4YGq5pgak2 | 12VvDR4VkhvbReFgCazkW1VpVVcBX87Kbo | 1HaDTJX59KFUbofSoULvwQ9b9poaxqTxA1 | 1DiyZZS37c3mVsrF5Bjxkkm7njp7cxMkqg | 1AVEc4JwQrooF8zhJCsMaAM6TrjGFdRcJi | 13dmmNEWD4n52e5Hr5Vhqpeg55PKiw63bd | 1MvNXELrMwEKNpk8qQJtW6HNJHofHbpyYh | 14L38V84w4vcHWbDrwcmKMmx6Q79cRWz9f | 12fHiiG24civ3vX78qkQEmVJAHAGUe3Da8 | 15ZyZuu8iGp4cst2681pNt3R53bMnNnRFr | 1F1AA2WUeLHSZAzREmkcdDjRxcgMaGu1hR | 13s7UCrW2KU1j4G4mtSBkJrzpTrQ9ynxt8
7178,2009-03-12 10:48:54.000000 UTC,6a697d4ea52e2cb3f9c176fd2f3014f550bc0e8b4ed8e47588819535b99a39df,3,1,150,150,0,150.00000000,1CECPFgz4fJSEndbFT1QyR8hKyt5RitL2k,1Cay6m8mMu5xMHEmpacGQ4jPDZyxDotN3g | 1PeuSubs2kUjZCngC2Lm8RWtZsP9hGoCas | 1FPLNH389uu81V11em7sknNJQ4yqaJykQD
7309,2009-03-13 14:26:15.000000 UTC,ef135013bf0ad1768fef565249849e6c125c23a88f9705b376b55e4d9b8c4554,13,1,750,750,0,750.00000000,198aMn6ZYAczwrE5NvNTUMyJ5qkfy4g3Hi,1P6KEX85cKThzRVzE3chKu7pbBguQWVrUk | 179BnMzy6rmN5dwLQSQKsW1TMtXRUEUVii | 12MTt77Vfo9rPc4qckaWy1pekMG2j6oPLg | 1FAJUTm67VFhNYnQuAihd2wJfusZQQ9ZH6 | 18AJPiNcegAw8m7UBhCRYVqqbEEoArx5Te | 13e23fxfAnDmXP6vknoN5ZxzW7E4rNHufb | 18rMLgN8HgKrJgr1yxaRNByjDiCFek1jdU | 14ceG7gRh3vnX7BySt2WbkyhVTJ6BK8E6z | 16re4c6LXg3m2KHt5xzUHCj2r7fnPRkW74 | 1C8oWxg4bPmf2gzUHsvFHMYAczDXvb6MJg | 1LBwkC5tuJry3KVHMbaPXf13aRwBNf3hxh | 1CECPFgz4fJSEndbFT1QyR8hKyt5RitL2k | 1owpW684XstANsSFEkiDZRQwULgdu39B4
7677,2009-03-16 16:40:15.000000 UTC,e6f00fa63eb6b8e812ac3c591871203cae971d480c1469fc5ce88932cd3ec26c,48,1,2400,2400,0,2400.00000000,12higDjoCCNXSA95xZMWUdPvXNmkAduhWv,1Aw8BMAFgwVqXjNTGegYQdS537Y94ZSiZ1 | 17kWKNxDeBjigokSCS2eu9bHQuz6AQyKU4 | 15MMApqUm4P1ewQNRw3Hxqi94WM6PRK7Ak | 1SEtCB9gbas6hqz5yTq96K6DA4ufYdTG6 | 1CRYzVLk5Rz9HzJitxnstJiRwxqGsQb47Q | 1JwAaaVFV8mcCHMfz3jc5m7HhGDdMhtv1p | 1PZmrcFoxUs6M7meYnsdwNYCqcpbVRY18w | 1HMGgpuaTm2xoncafzyh7Miqpq1v2BCh1J | 1MaWivgH7F5aBX7zPEDLevkKQdX8RyQxEm | 1MTgoeNc1U67QHK1XaYjumx87qCf5yqLbw | 1731osaYbCCfhXn72Y6ALV87kP8f9YBPsf | 1KfL3CGSWqPNiewx2AStwtdsXTf1aVdpXR | 15qgoLqr7Q7XW75BagD4AzddYVyQjXFgok | 13WyxRzb1vsn66NUpzaxYf3oCMHWANWJxd | 1JJoNjQUdEx7dCtVoKKgkPQP6nPfnA9cdC | 183m3K9LrXBDhDirW4RA8W1nQ6eUMyCjac | 1AhK9v8ZznRaewdTQx6YHW69EdYDTpMJCb | 1HkApS25A3fmeVU5edJk211EYPusmzKFcn | 1RzcYQ6eFDTmnJAJ6eG2u5Mi5FPJhoPfK | 1Fhyq2swgsPgdsV2YzWrZwHDGyXXc2kdgh | 1Mb8JdQ3ErdcdAdGHTNGJDnSqoro4QRYrX | 1DK8i93vo4LZCzH59ycZqUvYoV6RntJbBT | 1LmFprWzS3zd8SuNHcPtHyjCnFwAUqstRw | 1AKeoA8PcDwww3F8jackggzmownC7Rqd7y | 1PzpSE34bDtMEMyL6bwX3kwQDYopAMnT5d | 19g2ozu2E9SFTSZx534oUNgRnoUbzwHSfT | 1ExoS8yPDCBzsknKsLRRA9P6xDUP8nS4xo | 19v4t5nxfyr2onR37tyKCNLfSMw1tV7nhp | 125JoG7J5ZJqNrg4mrmUgkgBi6wqVyS3nq | 153CHs9DGeXjMhf7ZDDBCC58mV243jLtC5 | 1QFEe89ECqkHzebeLcKtXmZcV5HvAQ5xSZ | 1Bwf3nVYfcCL7gM3ccv1Be27cyyZ7pZawu | 1KG81ncD2eHvJ7R3dTRgXXSCRiJfGuURSt | 14H4ngqC4HaykWaBqa6RsCSvfY2ZECoZBN | 19avmcNyrQ2VSfTnBjVqFiMPweoqg8Pn4s | 1ARHP8q7pwKsC71FKwFDfWH1esEdJLhtgo | 1MrSzS87dtgY5MkB6hh4SWPmz4kWqgGQZC | 1HeYkodpUSUknRMTZVZRVFJ3q447DD6rft | 1HkDLscmuMaAF1Nm9aQBPFpnsZgE7h5gCD | 1EAGxTV32WCF38RKXnBopvrFbi4pJcxENd | 1Pkwnv2MBP8ZbuGVx9Wpp3ai7DHqYiUrJ | 164SjeZKCEyYvt4UH9PRLftFrpA9DMcQ9p | 12YNLhpfJnpTbugCJiJoMegGXxDmQPNipC | 1FXtbBhAaLUPCpXnBNmCvUhpLL9nZLQBry | 1NJzeK37nVdYdLzhEDLcgZKzrDohKwx6gv | 17nxAvWBQbzwZXthXFww5vMfaJrY3XuZdE | 1LqVEoPPoPd4uZmrox4hCCt4HJtMk5ERZH | 1C5o3MN6a4S9Kzk3FB66mUyvTdkN4yX6vf
7939,2009-03-18 23:38:16.000000 UTC,6db50f2ea6aea1fd8a94c6ba345f51582585dd15150f65c999722f437c791422,11,1,550,550,0,550.00000000,198aMn6ZYAczwrE5NvNTUMyJ5qkfy4g3Hi,15o55Tgc352rmdopstMDHQE1s5skrvkM65 | 1EhJARLpa58xZrNkmwBK3cAqbkZ8tUhhkT | 17xqo85PztCMz8PadEhXfi7n2r2CpM7AJW | 12rVs6Y3yypb9TrCY91mWZ88vaWaxRshBC | 1PK2sc3acUyXcoUCUDDKck6Nrq8L4kE8gk | 1Jaw5ZgXH9eQEUFRsBvV4r9HK6ayXB1uu2 | 16Sbt34KYrPPHLAJttTLfYKHDyStD7FJG9 | 1F4f6kgKm84DdG5a2FsjgUvpAxDmGaQmR9 | 16dx8wzF2D7SYRhR2bzkzeepDSU2RW3w3q | 1CFf1ShZSLpKi3f7SkR8DSrYty4h9XkTH3 | 1HB4s6LYddQVNQHkhfgcSCNhN47PBbztPA
7939,2009-03-18 23:38:16.000000 UTC,823530fc97725a01ba9a7de47ce683b5800e94dc63be84fb35e3bd383de98436,3,1,150,150,0,150.00000000,198aMn6ZYAczwrE5NvNTUMyJ5qkfy4g3Hi,15fgF9LywYyxHrjCjcjLjL4vXK8AhCMHAG | 16iRWj73m3wN788iLRwEnUkMtP8p8p6wkC | 1DdtAffwNSQEQHTvmY2iMiy1G1wpqWao1n
8143,2009-03-20 16:52:33.000000 UTC,b9f64cc44346ac649c21e40e5942a1d196062a285733907f9a1faad453d5556f,12,1,600,600,0,600.00000000,12higDjoCCNXSA95xZMWUdPvXNmkAduhWv,1HHWuFt64YhDC9dh6oJHAH8yQQKymCQXR9 | 1CGP2F5Shzh4eUB227MgsE4hZpBcvGvWxy | 1KZcDxvsTyYSfGFLQ4qpJqd51WemA9Dvvk | 1K3rnNatNMw1PJEjcfo3eurSqpkAbgsQAL | 181cDGS7YfTSc28kLbF9n6E6rUQYn69wiS | 1Ph44pRxBJ8hvzaQ46gkqN3snQuSesPDnA | 1CojRE1HNnoJ22nY5DUxcEEkugaDW15Qo6 | 1G1ZSy9hPHcEVoUxYzhkRPBkXwe96xAa6u | 1DPHP772k4NcyC5oeu62Tqhs4F7X29Vbkf | 1GpkycMVhYdqL5KiJQJzP94EdJfx7z7Nqz | 1u6riBDy1V3uff5ecLLCzHYadQqmgtSx9 | 1AdssLB2qak9Vi45oZwJRA18suvPVzyMvL
8315,2009-03-22 16:31:22.000000 UTC,68efb6a6217892baf3a7cf03cbfd3b31038f1f79db649a12b7516c8e7da81064,6,1,300,300,0,300.00000000,198aMn6ZYAczwrE5NvNTUMyJ5qkfy4g3Hi,16AMPEZRUzqqr8SmUqWaykfihrt4vWAqfb | 1GxiWc7y25E4DoFyiCRa8sPHVCNSgDiZ8 | 1N8aRF9RZQ6ZrSCnrQCaJwEnSGxqRqToSi | 1JHgtd1DQaVgvdXbbd4Ko4TVpxgVu4wncs | 1NrKjkof6CvFvDgeio3mie62DBHMumiuMD | 1GFmAHTChrgtoxsLbYxnr6csw3vr1S3iBV
8315,2009-03-22 16:31:22.000000 UTC,9f705d7fae30b1fe3d5855447d4e01d7b13c1edcfa2483d739fbebbcdd0475a1,5,1,250,250,0,250.00000000,198aMn6ZYAczwrE5NvNTUMyJ5qkfy4g3Hi,14caFiBvCDsHFZEFLCg21GfiNdDLQ75Xud | 1BbKNNU73TPDfEgyPy6KMJACtTUZR3af22 | 1H8HegRbLdkhTfnpvbhY5FFjjBwUWn8fDK | 1GaZbjmYjiYHJZ1asxAsMu8LNjzHAghKhm | 14ePDxfEeLanjaWoWa7ro7JrupigmC3sC9
8775,2009-03-26 15:21:42.000000 UTC,02158bebe1f72393a771fd39f950308ed93693d0b976f92c777677874764859a,28,1,1400,1400,0,1400.00000000,12higDjoCCNXSA95xZMWUdPvXNmkAduhWv,16d3tu3fupnSpeUMYRA34YDmz3gm2WJiQz | 1KmozGgy44XxzcPZzTH7ntM1SLiiat1EaW | 1JEsYUAkzEM5F2zXnKaVfdorYPpYsy7nco | 1AHZEGgjXUA1dGrd86RHHuwSR6hGAzo5Y8 | 1Kbem3ecwFgPo7E8mgnZskGTt6cXn6bwpu | 1C7sTQtcJSqww1vcMNByPCzN6YMohpfV9J | 1GPKTtWRAj2TNNyxwNq5pCEuJGLCcXoHW8 | 16Tq7i7HRyDPQHnxDhbZ767Nj8mu62nd9P | 1HxtJPYJ7J1hwE2ps6DtnarcD8MNsggNUv | 18YfA72fh1G3tHRxu35evnRNuSdFM1eTH9 | 1Ga3Nkq9cUDSQqbZ2MMa69g8Ejxdkwusr2 | 13d6DcfvKGTh9E8vcbtaJKDnpoZ965YKmA | 17C3y2FEjfWypcx1txhsZrMYcdgxH17eyv | 1MeK8nXqBGyexBXNJ4FHz519TMTrV1qXb2 | 1KKng5GEQviJuNdKVwiuwLCXbdAaWtP1sV | 1CTk2vx8rKoFFSV4V3XAK7UTbssKzdKVFe | 1ArgkBcDwiFgyh4yCnhrWL79DzwZmBK68r | 1EnXqjLU5isdZnb4EaUXHmwKzEHzqBNnF8 | 1HCeFuUmWdAxPL19HC9usECkahQneoQPNo | 1BLiSSPmWt7pKbkxB6kHcM1HVhnr5unTNB | 1Nnjh1J36H8McMzgSDQHkme8kywCisL8h6 | 1MqsEnrHdptQBvtnAiEL4Nsy4coSGjtShq | 12YtzoFAu3RDeV3sp6WSWLLJZQn39QsRQ6 | 1795eTNVscijAj7wsRhxrDu5jmwS2XnDeW | 1HTd3Q488BcrAwx7jDdDcpcyHj5nJ6z8Gz | 1BR44snus3SxtXiEivNhar79jeVLH7cq14 | 18DVe6qz8ZLaKxeKDPpZKw4w87q7eEnUxY | 1Ha4iKXvp1Zh4CT9sry1LpdRX3HBm1C24J
9006,2009-03-28 16:06:49.000000 UTC,2c652b0f8b810d4b94082035e910b552a1dbb73bfa8a3c28406fa3d7a0528da7,1,1,50,50,0,50.00000000,198aMn6ZYAczwrE5NvNTUMyJ5qkfy4g3Hi,1JF8KCuSB9BGNVrSpjp8752w6f2RcD2qPz
9006,2009-03-28 16:06:49.000000 UTC,54204ff07aecf7fc09e567c2333544dbb7054b31547b227e1bf74fbcdbca28da,16,1,800,800,0,800.00000000,198aMn6ZYAczwrE5NvNTUMyJ5qkfy4g3Hi,14uTer5n9RTEDBnnsqiMdkrV8Wa8qePfFq | 1GT1BcBH4CeFFaqV8kzzwBL88tWSigYYto | 1LuUaBqNDC1PGarwH4rCDKJjfVmaryycMF | 1EViizXKt5EcbfmoudrSGqhRsuzeVfEj1G | 1BHJ8AVzM21pcKeEUzcV8WCjU5PUYfPdJQ | 1Pgn7bVXFEJKYVmk8ACTuJxMaRzSfAXFrr | 1Q4aJUoShWDQSGiryGiFmN8xmgFzb9Yp43 | 1LnwtynrPZKZrLfMHatGk7WcEhwGPfqYXq | 1Bm55PiCwoKMzeW1wYsjvzGZZHr8dWiQUD | 17jiJsoeWUW6zX3CwAnrXXoeThugvVUcgz | 1APh41X1g1yTuoC2gqKeivCamAtG3MjZsz | 1JfkUrV1kWtpb3RTftBULzkdqv2CLsERAF | 1LffD6E1xmrxAch1oVCZVmknuV2Np4zfRb | 1FQZn6paUWGDX9CJP284VNKquXHnaSXZhw | 15CzUuMKY9wBi8smyxUJbMV9188XWrTKsj | 1JEJ6tb1wf5PJxmJih7f7gqVVibFtvH9AJ
9006,2009-03-28 16:06:49.000000 UTC,d65723c12834c33063efcfbc7deb0c4791558d432fbe9c1c51f8b718060be583,3,1,150,150,0,150.00000000,198aMn6ZYAczwrE5NvNTUMyJ5qkfy4g3Hi,1BM9J3EB35qc47b76qaF3xKZPevPaDwMDd | 16kUCCZq6Rm73vLUPqnyww5hyhBjukM8Kz | 18GTbjRF7jGt9wsakUa2EQGsAVJVZoLp81
9354,2009-03-31 15:46:29.000000 UTC,85b6f48c8e10d8e1df4c5e3b64f6209d6bd8a3ad0af7e369c0d50a9f11c58d8d,32,1,1600,1600,0,1600.00000000,12higDjoCCNXSA95xZMWUdPvXNmkAduhWv,1FZwCoA5Sf6ASZjVQhBZZni1baX817qqKR | 1L4qDYxUv6KatGuauZYfHZ89AznLdDTvaM | 15xc5vSSPFzKawKuEPZuNb4a65ZM8M3NUZ | 1B9RFRQgASmJXsNKDSd5Bae8KFUjCHUHWP | 12rqpYCL3hoX8a5P9ucdQcnbc5JniqH69W | 1KuydsZxvazHcYhcMbBx2bzcNM8P2wqjCT | 1FfoDKC9dYxSp3A25PjuFcnDNQ9hf6mst5 | 1AtMUUQkLqcBKChQMEdqrwgV3RqafQcusm | 1LSRu7qsr2XWvbHKjL7EGtD5qYfKJ9UEdh | 1KeMc3xj88Kn3zTJeimyWX4Xb3x7f2nn57 | 1AZ7bPNni7EtoYW8SszrnKQDYgQSDwHFZ5 | 1JkA6LspktUAYB59s4t71fDDSqp4kYLw6P | 19GYuexwn72fxaFFj59sSZfCVyicgFVPNn | 16VK6eXjc5uWRfpuVFoQVma3HW9RjEq23z | 19mij3FNdLkkMLESq8DXpPQ28KZ55sf6rg | 1Ps31U24sJ8j7YnND2UCnBmn1h2etqE6kd | 1jtXN5bWRBBX7gC1bcSpUTudAT7G8u7Wd | 17JX1hpXBNrJiwhNdHqvpZxdkooyap94hK | 1AeeKQ194esGLA4GjhyexcubE4cxooUC5B | 1A7ZEYLTKtmJ1Vmo5o6YdS7dnzNKsx8U7G | 1317NgcmZKVEQ9EbsntabLyDiZn8Uyis4b | 16HJWkkwsi7hvUXEj4jrct8mxbKJQuYbpD | 12iXGm1K65JzhLoiARaozTHmgrf2ShecjU | 18FanWHhdsHXYyoL7zyzV7zWhEnynsg41U | 1YgwN1ZG3yvkeN6HYNGLbqkWzDcKT6HtR | 19eVNQeqcgyaznTaUkkNrd8649VASMxsQH | 1HJ3T1Ewqss2GKMfyk22zXGoFt7n4c6TBB | 1GsA8fMqX7AcXuXjvmyMMDBHEWXHwD5yfQ | 1Apogsw3ne1uyccG5EGiraTL6y12KTYQcn | 1F9C6XvdF5yWCnizqxNa6h96r3npJTLn5k | 1G2qyVU6dYm4i4YHBKj2PjwhhpPpuhcNU6 | 14VUQZESW6Udz9aVxgwhxz1QeV4HT5biEG
9962,2009-04-05 20:43:36.000000 UTC,146fbdc9a5bf4800b83d1e0b7022d6e554f93143f10f09600b4e55f879d472bd,2,1,100,100,0,100.00000000,198aMn6ZYAczwrE5NvNTUMyJ5qkfy4g3Hi,1u8BxzeQiC6x1tYdPxK1i8thUhRYRXbrb | 14P9Bj4cMj5MxPLk5AqXi9F66DmxtnT8ec
9962,2009-04-05 20:43:36.000000 UTC,7eca6143f94eb7beac2a23506bc3ff0adaa0c9c9aeec71d7022e9b31f661c984,15,1,750,750,0,750.00000000,198aMn6ZYAczwrE5NvNTUMyJ5qkfy4g3Hi,1D1CcFSYy24jS69NHsaDBMuAn2gN8zqbv8 | 1L7Bv1vrzcdsYZZwCxqKNx5GHcLWRYkaM7 | 1CGZgKK4e15fTD6zi9S6qu7Yy3UERGbVE1 | 1DwV969FbHcsTPbKjzGH3fAUVCN3x43kTG | 1MBEnZ9Vx2UX5PjGm9VYbeg6vWz65FBiZR | 19JLPk7DPuJqHBA2j4UCMwpgWDkwfUwL2M | 1DMgKZ6WvxKNM6kntTKZeWXejHvNm9XmPo | 1BtvdSfPQ6Loj6yvZQBWk28dmi6Nb9A8kJ | 16x9xnP2fDSN7h61XNLQVEmw2txp2mDZSe | 1Ctso625ksoobGnQCWGzFNgvi3qe1mCEqj | 1KASBVn39iwE8h5WEUJbmjvViPbz1ZW1zh | 1B939jbcHG4zF5RjXHhwMRyK2T7v3wvbaM | 1MU6maEWWkELvk9GQ1i2mXgow9Z9Bmurmi | 1B72gYHoGVoFfqiDRGL2V5jdz1Svqtd43e | 1FHRKL9w7aAudy1QB19RbsuzeGeUQQkCLw
10570,2009-04-11 14:04:22.000000 UTC,1159caa72f2eb97637dbd3c4e600eb3d408a5db0a64b2a80cd31b29c49f1ccbf,7,1,350,350,0,350.00000000,15iCCQJESxcN9wujqVvMFgw8mzcSeBRYdn,18ce6giXGZcvu9dfky9ML35vo54CoacfG2 | 1aCs7iRLdu89ZJikC8oYtF2h9VGL7ar8n | 1EBB8BEiQqSd1mgTccmoze9nQExju8PtrD | 1LPFi84fcxAuU97pXdivfZJcNX4mwXvotT | 14zQnzjFZaPGU6S6MjANQFMn5qghwU5Gi3 | 176bEDyMgXDshDrWgbGdZoFvtExYwHyEYg | 13T24MgB26iyjmdpJR2fSzUBuRuTEGfLpu
10712,2009-04-12 19:46:57.000000 UTC,00eff263871e6d44abed66d90abb10d5a211441668511dba3146e380360efe4b,6,1,300,300,0,300.00000000,198QHn2aBkWAJupYw4eNoh7CnuhY5Rhnr8,1B9sRKPE11NojH75cP7KTcK4uqeJNWcgWQ | 1NTMhoec2ywwiKdL3BQgTjS3eL7aaP5wjw | 1BdzkL99PXGkXWpnMjcfTXpkrEjLDXC3cG | 1FhwiEogvsQ5daGquMZGL5vJjVTp3NzdYh | 1PbcwNcCTQz5FzkQST8MnZzJD3uhKRiiNJ | 17DqoNVrYxux2DK59RmqRm3s4Bga5AcKKq
10725,2009-04-12 22:02:57.000000 UTC,7153d47e65e432f132110695152add3fd22c9d42940ec524102562b9caa14201,2,1,650,650,0,650.00000000,198aMn6ZYAczwrE5NvNTUMyJ5qkfy4g3Hi,198QHn2aBkWAJupYw4eNoh7CnuhY5Rhnr8 | 15iCCQJESxcN9wujqVvMFgw8mzcSeBRYdn
10792,2009-04-13 11:24:15.000000 UTC,ad511d71762f4123df227e2e048672c4df8cc2ac056ee37f52ff33085b2a2c47,1,2,50,50,0,10.00000000 | 40.00000000,1PggUtDMmJNwDnCnhAH2pg7ZTiZtMvB4Dg | 158FEew6VXNkDmEaYEtQanWnD7qBXt8h2J,158FEew6VXNkDmEaYEtQanWnD7qBXt8h2J
11395,2009-04-18 13:08:22.000000 UTC,ed7eec75f884fbc0539178fb16b4101f6619ee875efca7cda4a2058268f88514,1,2,50,50,0,32.51000000 | 17.49000000,1PhUXucRd8FzQved2KGK3g1eKfTHPGjgFu | 151FzoGsL4XiswSCpMBmii41WL9b6uweNg,151FzoGsL4XiswSCpMBmii41WL9b6uweNg
11408,2009-04-18 15:55:19.000000 UTC,6a679898780f5d99f0ffa12573b855e0dc470956406eb8b82690b688fa19200f,1,1,32.51,32.51,0,32.51000000,1JuEjh9znXwqsy5RrnKqgzqY4Ldg7rnj5n,1PhUXucRd8FzQved2KGK3g1eKfTHPGjgFu
11408,2009-04-18 15:55:19.000000 UTC,ea84d39ef6f7b3b23fbf899e11a9bb18478a19413579a69f3005359da7a62c49,1,1,50,50,0,50.00000000,1JuEjh9znXwqsy5RrnKqgzqY4Ldg7rnj5n,1AfRNhdvL5zYL1FTxM9mHyYnHuHK4TpLYh
11426,2009-04-18 19:34:27.000000 UTC,2c230fa752edc2291e7b1d77deaaaaff907ef07f1d8f4fc879c77096e763b17f,1,1,50,50,0,50.00000000,1PhUXucRd8FzQved2KGK3g1eKfTHPGjgFu,16LukCKiiraP5iDT8X4ZgDGufq7L4dtg6o
11516,2009-04-19 14:06:06.000000 UTC,57121ac508ec5a322a7565e778322247f858f2126397357d96bbafb921d50064,8,1,400,400,0,400.00000000,198aMn6ZYAczwrE5NvNTUMyJ5qkfy4g3Hi,14SZxRJCXYwuxNuagNgebnsA12cDW9kcwG | 18gKjroVSFm6C1jxBTPuTjgzg9W8hbryDg | 1MbgLVfEouFKJDfghfEyphSVKHfzeDZdo4 | 1H2qVo6guZWS6wekfVZGDjasURMx1Xig81 | 16Epwk2AXYiMdyJoPHHHXMrcaUQ5Nauxyw | 16GC23pD6gwCzMi9xkqLRmWPsSMTv46rWk | 1Q2ctxZKhrcF2WnEyWDCTEbUXdEoqFmM3Z | 14VnW3G8Sw4VRb4BNJDPigfe7zqrnjW7iX
11592,2009-04-20 04:38:21.000000 UTC,3ccc30911174b65042d33b95c0a2ce4954f78e5ca8fbf3f4ba17cbbc3ecab9de,45,1,2250,2250,0,2250.00000000,1N6cJEdLm7KSg1jRXTYKv7iYkRtzFLKNDH,1JQ7LBLSAGWaUpMgAnMNuzegKAaukp3s5h | 1er72XuzRcMypXq9AANshZgef4V62XBhA | 168kYW8797saCLUxT9dvGsRXMyVhb8XPaw | 1gYoZoxmbgrSBktfYdjWmFVqEMLfhQycc | 1DRZyiWv9HttX6yKsFwvQSQ9NHpiEW3X3e | 15ASvbobJvnDeEsokvxdP3UHx2Cap4uoDq | 14PXq52Rww877nawZ3LPvKQGjwZtjHTEZG | 14628f7bHRkoTsJUGcBjt2ujMPvXuxwkBt | 1AQUVLBmDDezU2GJEjcXSxSrtFoXh51Ymy | 16x9oC81whSgpSte8g6eEDG1ZZyDT8UViV | 17QUs64EKVZ2TtDQxEaZiDoFtm9i2dqdxY | 14bhpmp9kfGzDWHrHoPeoEfYTcxgpyEdmj | 1BTtVL8LLZ81KUShnErAAe1cNnaeXuwG3P | 12aGihPtdiWiwEESwCg53XC4CNDNN3rjSV | 1Ai2SCXzvgRhA8KAYoPM6hsp5fQ9FthVcG | 1NcxCXfdXQmReoMY1wdgFdLiTiszeeZUye | 1FTa1uqLpkjrKZNnbbsQE9nZDHuv5DkBCv | 1PVFyhBXiM1ztZkt7yyMv7RoTPKfJEd2nd | 1GXMJNDWxuF6E3SW9jY77B9WGwLFHcq2he | 1MA1c4tDYMmNqCNZSdDeBmbayoHfKxmjWF | 1EaUdGb3Z8Q6yWFQahxpn11LBWXdUCcNEN | 15pXzn2VFcDqU2q5pXDQ6RUjhpgZYzeGF7 | 182tuxLGo8s4ECFuxqfNaPkoM6nx2CAx1a | 1K7zbpUhpqYrx1HULERSQP8j5pqRrsLD7V | 1F81taosVTgyUyUCEegw9ScU2LYjxBFSBp | 1e1ugB1hvU6ooUD3rZ2GbwhMpAx4N7EsL | 1M3K2sHHhUFpeWCGYspBkXkCgcgSoh8erJ | 125wg1fzWdTJrMukzaPE75TiLrj5fAcT4Y | 1KjCc131GZGMh3VUbKh6VP8KR13rQXrSUY | 14e86yoS6eN2vXy9LnXpQ7uK1MU6fSbuw1 | 1Q6TZEUZhdG9KyxMuXTwo8cWwekqQDM3no | 1JwwV765SBy5sL8gwopECLKaCrt63medzg | 13srrqntwu6yeJuUvhD1A8WTnTCcrjRZm7 | 15723deGfmfkXaLF6Fu5zmBHxbzj21BS8j | 12ai8cqEv81yAmgG1Gq7W17GaJ54oU499k | 1EYXoa5VKDzqFtEVFsYGGxgp15PrDhyz4N | 1Ahh8yH564PZY7nBYDUXLWNf8aUrdwAFo | 152G72VKB7xdWw536WymocuzbabeEaGzBM | 136s9G2kLtvAvfYkTyBr9NvMXdqbocEuJ9 | 1CHS6BzuJeDQeYjscY2P8GnraeAWpvNJeD | 19YdCbsRUPLzuetmVLqJXnHoH5izyt1js1 | 14JGBme6cycXVuYHrfSsfAJbey5wfYukAv | 1Ht5RkUR8TbEDzX7iExsHUYRQ6qQPveqxN | 14WN4DgG2aqvp965p5Cn1rUn6RFFwuh47t | 1CbFHg9LQxW7aWmaDv15hyQmNCFz2f81ae
11666,2009-04-20 20:19:32.000000 UTC,eebd343e3cbb08c6932adc87eba4b2bf372e9e984023474cb4fdb9b9ffad39b1,70,1,3500,3500,0,3500.00000000,12higDjoCCNXSA95xZMWUdPvXNmkAduhWv,1BgXbyqYqvBnvFtMfZrkVWxwRLKVY99vMC | 14wGh8Hvzv5KfuYabs8MUMxCD41MVmTJuo | 1DKtFvp41xR1JuhaCudY2pVHp5VbeVNr6Y | 1MwYXKSBcx2BAncXLrHKj8xfNCMV6iQ8Xr | 1HYdp2p3g2VgouSZjtwEHYH6Ftnr6o4EJX | 1EuYqAGkzpot5jzYaPgCRWVFyh3qvmBas8 | 1CzGiK4QziukNbCEEwgTveBme4aeKXMQXY | 1JS6fmFkNgmz9aHBCZvdCL29wrXswQaYAi | 1No1HNhwZixiBKWkP3yaX8fHCLPtwqHV5F | 1MdyEkpYKW55MdJUcvkESQwp1p2XJZbSmG | 16R6uuTdJnXXLjxBQFVziZZPVZnTi3Gpao | 1EPbjGvMUydu9aTHgvsmR3mFMouNAxmqj8 | 1EJC1ahwoKWcgmBiS9wU5DgSRKqg1omgHa | 155SEe2B6QDLeMYuYDNnMPtkk7KApymxNc | 1NeWe9NbZiW4nCKE5TgoA1Z5uRBctnGUjz | 181Ky7fDbEipjv3ShPDcdRD75EjQTf86A4 | 171f4f6JgiY433Wg7rw492wizpzPJshLpo | 1EQpGnuBR58gsH3eB64UC2AdwXdkUniFXK | 1JQjgPvxXNnWZM8PVechs7CTqURN1m4KFJ | 1B6LCeYKTfBP4R6xdZEnpo4dHLAeDGzbdn | 18MuhuGUUeZFq33Mga3imaroTMWSEGt7zr | 1548oM2Es1wxcJecSLtFjKKtC9mE4yLmXV | 13od2GzQ79NvicTzxWEzw32yaou9dEeRna | 1Dwk8HzqVwyECJv5vS5QAmULf53DQJTgjQ | 1EYDXGgLqeBDdfhVYUY6Ac4hJJRg7wNRVz | 18c1uH5yuCy1F5EddkahMLJR3Ft6uP2o1E | 12V72L7oJjWR4xBEBKa8kDeLiEeQr25zga | 1GDxkRE4dg3PGWo6K15TVd41xnv9EkJYTz | 1FphMDgmTEgREqxZX2nw7Trt1c1VEjBVRs | 1J4EFGK4xPtEFheLfEeZjHzt7prsYhw2tj | 1GhBfv7BwjLKMrWVcoaZCgfuUM4tU24QR3 | 16G1sWF3iCseZVQekH8C8Wt8dCnjctAP25 | 13LHzrjQr3XFZcSxKr17ZmCCeoeEF3VvyP | 1FAgYAakrESEade3VkAdi1wphPWMSj5Moh | 16MDBgv1AixPz8bWhqwGGYzFdxp194t76G | 1Q3SMBW3L1514F8zWZy3nAg3EQSLS8umLu | 12fSJaCMnxfTcWGDtrn8n7r5EazBxNupQc | 19YreodsDdLvg46WkPesTUG4btTLsBxakr | 1KVH1A1kia5g8MkdEKg397mP67jpsGJt4h | 1DJrhF57pMRVjSr5KoENw4fxu1oJuv9osr | 18dhyTn9X1bEdyczjwr7RGm535WiLf7WhX | 19s87mii2oFWn4AAJ4yhx5Wx3Z9RbFxG65 | 13hDA3WtC9apWWigHVgFtTLpyWtHkrtqcQ | 1EZP8iKZUfAzqfg6WWhGtqep7VuYNrKF1K | 1J7VwmxytAoFWgWD6oiFtxJ3wBp4GjD3Y4 | 1E1EtpTZu8YSm5QT3X4usFvMU66kubb5ev | 1CfRzwdLbqAzNDe1xhCpZurZTbX5MV7XJX | 194VgfsJ1aRCh9csDFjr2WASm8SLwyDKjU | 1GjzcfmDu8pXKX5EQs6kipkimVMbVaa2aq | 1E3SrMLGkMKVpT2gH9VGS3yVzidVcRXX2M | 14K6CqHmfwKUwvzi6ME8w7kubudaJFMHBU | 1A1Pq4fdRpSRPabERxDsXbGCWH1z52g8sg | 1DimccjzhmFPNbcwzdkuuYwokhTC6wFjyi | 16mRjvV7zRiKFWYvXnmaqCFVAAvbxSyAPK | 1FmgkXapYZw2n1p1Ri2k4ahSstNxPpGE6Z | 1EyXP3h2idhsjAxfuDnp4ua78S6pnctuYL | 1FMNjno5a5bhAwGSgPfm8hsMQFb1oxT6ca | 1KRfTcCzBxD2TsrrtKmXsgQWw61uAe6HkX | 137icwmzVphkta7vgpPCLyhsuZXyGUKsNz | 1Guko8sGncHxkFiMESyNpeFQ288YLP664R | 1BNMDSwaeWjQttrz32nEJqg26h7ru2dVZN | 1HtSTW8vg6tGhtJ8JDCCAMMTmPQ4HDkMye | 1DRbg7W5VFXiHPBteb8QxqjtYwh3mRTs7P | 1CB1gUqJA7YTPAZw7nqz4ShrcA38MFDqgd | 1PzMEjAD6v2gtm1n5PZKJ2ucnz3iVzweTq | 1LDTveiwp8CTbFjLcTezcnAuTLJUdVh7hj | 1NjftgkKjVMfUJgM9YtyEyDRYivQVdVZJK | 1MkJj2FREe3Wz6w43TkMCBEseWx8FyqyyM | 172m56HeQRxNar4rr3K1VwymiStmsXitsy | 139HJnMVHb9Pj9rc8pjZowW1RucMpSABis
11769,2009-04-21 16:29:09.000000 UTC,71223e409c08a302ca8c0ecbc507650d51c4df68cd11bebb127dfe8fd6c66350,1,2,50,50,0,0.01000000 | 49.99000000,1NAauy83Upy9yYv5zjcjk4hwPRJWnzvX52 | 1JVNj2iLqerXpVtVpXyRN5HHoTjQL3RnDn,1JVNj2iLqerXpVtVpXyRN5HHoTjQL3RnDn
12304,2009-04-26 13:18:39.000000 UTC,1e96292bc0b80d67876101b11f5aa50bb1071bd7b0302019950169ac2aaa052b,2,1,100,100,0,100.00000000,198aMn6ZYAczwrE5NvNTUMyJ5qkfy4g3Hi,1KME4EZZhybYnQkoNUqzMjHE5ER8fzRax8 | 13k6ixn3NoNzphgeumeWp94JJHMQd7BuFY
12304,2009-04-26 13:18:39.000000 UTC,8552243568c50230e8bf6227797f993d91afadf6431a0d7f7eced17c9acc6919,13,1,650,650,0,650.00000000,198aMn6ZYAczwrE5NvNTUMyJ5qkfy4g3Hi,151fqW6XH9tegTf6cpQ6BCSdZVAk9EHZgx | 1J45WCUdX62ShtcG3v8rFK5p2W4VW1NVA9 | 1M4Mco4uSHkPEMpm4acqza2E1LgrSeSiM6 | 14xfB9fF9Qm14bRy5tQZDNdNUj6xceN8TN | 198gPEVrV6AYaccNckukjprCJ63y18caqm | 138u3CEptNGkBL31JdqqVQRrpkMdy7xm6W | 1LBPRp23Yui13EhBFXf9hAeDjCwxhD7qXF | 1HSwXq9wGLL8RuL8jxu1rJTZYGPXJAVvH3 | 1ADrq4oAuySAtTXsu6knDkaWuVz2fpczLB | 1K9Y7RejiegEVBpsA9V2wHdFqAot4BAiiQ | 1LonjUZEk42q4zfq2LASHjM8PQKTos1uFJ | 14Zt3sA7SW4ezNQTkRWw81UDuYPbeAGhz2 | 1ERez5kEeErExca62ny6er4SKTiDoGFuKf
12678,2009-04-29 19:52:00.000000 UTC,f54f8b5282d2d349e34d6aa8a761c811ea9e1df7515a1291248cd44d06a45ace,20,1,1000,1000,0,1000.00000000,12higDjoCCNXSA95xZMWUdPvXNmkAduhWv,16RWFPSsVmiy7PaFfxZkD3zaULVJyhDQ3n | 12yRtfwkK97UUQPTwPyjuQZjRSqGhzYSSB | 1MDp8X36dffxzyoUknCTD89LaQvbwK2rhe | 1LbLPTf11LjamJHyPdgUhttn12g18iiq4z | 1LaxWYYF8m6odWn1ZfqXFPktmpw72rwjT1 | 1Afg8C9mzng6VhbiEcQjhS1v7EQASGnvAP | 13TU3PDCsDycTnWRXtKrLwxN9DJpmefVY5 | 1MrNhbLtMieCpNUD1FEQHbMJofh9Z5y4fA | 1M2xNSvihgM9Wd3DHPx3XrCKjt5yB1ASfB | 1BWgYGTjY1ThmqnHawFMW6gajeBxLq6pkU | 14QJgnQk2yj43ZnLFCz1TRXiNVawHAs2YC | 1PWQ9rSmMXmKZ2BGcQMkNEanzLiYcV7Syq | 1A2L8wMijeVxuTVP2Gwdf4V95gs1CUbCmS | 1Ewvg44kdRy74SE4yAybCnssbHGFyFw8ek | 14iDkydZFquSk9zvxvvbRiPHhvT5K6c2MQ | 1M5nngpBTktsWXsvSUyB7Wgj5UPFqBvpr6 | 116DMz6MB1qRa6XrwnTuunmfVNNE6hXe2F | 1DdS3T7LgLdboBdDcVvzpHzXmWLZFEswhC | 1EfnrfPhg9bNVqUTkPCnw9yDW1jfiYYySk | 1Gj9KYEMCQbhrUG2eWmvPd58eK34k8nfqa
12983,2009-05-02 05:02:21.000000 UTC,164ee500a3a460cffddeef7f9029e7e764362af80c8358d95c1eb2f105836234,1,2,50,49.97,0.03,0.03000000 | 49.94000000,1KmbtLXBkD7qDM1ksc7sEa7WfsdHwkFtWH | 1HDkMeyNoDg2zuDBcDAhgaHXnvjgjMoj1Y,1HDkMeyNoDg2zuDBcDAhgaHXnvjgjMoj1Y
13051,2009-05-02 19:01:49.000000 UTC,846fa8792c3ae9d7149c2b43b99343ab259ef2e96adf7f7bd2f8145f88091aeb,14,2,699.94,699.94,0,698.50000000 | 1.44000000,1EWbQNeNNiZcZyJcfQ6CQbnptHiU9pvVYr | 1HFdgy5steTwcyv6aJ1TN9tFPU4qHAidLN,1HFdgy5steTwcyv6aJ1TN9tFPU4qHAidLN | 1NG8CopmVXEfH8VM9J5X7a4yMSozVxuYyB | 1MmN2VQHb1o9BoGbPJRAV1zkagPchh8znh | 1LeD7Kbaw9S6uDkeFcuag7XDA2PMpr8gG7 | 1PR7HHm3B1YA4mUS2uoaDGMLUXSRFNVe7P | 1HDkMeyNoDg2zuDBcDAhgaHXnvjgjMoj1Y | 1L8Z2tLULM3i9fC5Xr3e1REQgSXEw6s2JE | 1889q5k9CW5n7XQL3EaVtgGEAbBK3aYgjS | 13CXwP3Ummjm5ELbPTcHd6KSB4mJdMgcyN | 1Ms4aXBHc3wpBXSUeeGB6Vohvh5LaQxQ3x | 19VWqhcYVjPrUNVq21vMuUdeGgs6Q75S1S | 1C9U9dFgLDMVFoiE6NEictNjCk44X6uJX7 | 13mpcjvzR4g4enTUYuw6LRb51UgF9P21Ut | 12YUrtDqLMCtSnTzx3Bejd8Jjz3hERGPEV
13171,2009-05-03 21:08:46.000000 UTC,9e7bc9715975579b36d0a81383dc76fcb41c9db45c77557083da5f4f76556b16,1,2,50,50,0,15.00000000 | 35.00000000,17sbu8Z9FG9PoyqrgTdQzR8yg3SW8U7Hfv | 1M2uVSbEGVVkxouDH3qdJsrRrbctpVo1Rx,1M2uVSbEGVVkxouDH3qdJsrRrbctpVo1Rx
13174,2009-05-03 21:41:41.000000 UTC,4c0135d31a903852d488d908637478dedbea80167e532d23cfc188d2e5b5e3db,1,2,35,35,0,10.00000000 | 25.00000000,12hPHVEb2W5ppJ43i2Mx8SkqebxcSt2Huj | 1M2uVSbEGVVkxouDH3qdJsrRrbctpVo1Rx,1M2uVSbEGVVkxouDH3qdJsrRrbctpVo1Rx
13174,2009-05-03 21:41:41.000000 UTC,e29a9dc0b293f0d84775adf316750255f267bc94a852e27a31db1f01c7a10e8d,2,1,25,25,0,25.00000000,1As5cFDjhfNmqCw7EQVDF7KBYNKpGeSrnf,17sbu8Z9FG9PoyqrgTdQzR8yg3SW8U7Hfv | 12hPHVEb2W5ppJ43i2Mx8SkqebxcSt2Huj
13306,2009-05-04 23:04:44.000000 UTC,5f143015d428cc6052649779f85ca66cefd45dd8115a436b54ab794bb6d8171c,30,1,1500,1500,0,1500.00000000,12higDjoCCNXSA95xZMWUdPvXNmkAduhWv,1G9FSzE6mM9wkuYVEPxnwgWkvyG4xq6pFo | 16zXGHaAU92urbc45PaW3rypKWTKZQy916 | 19tSHUyzTzBhLbah8rBajNFntUQuHztFqV | 15Wc6azSpseidrLPPBKqiZ2kzsh4itpAJz | 1H5zJSvHibNy7pZE7jFyAqDhvsSdMqrfGB | 1FepnCxazXpLaCRKWsWoEKzm8ChJxTxzG8 | 1MiWwA7PcggxQWU9JvydUSj6tfsCqbLSr2 | 1LrqRTHgL7Uo8DNuCpFc6Dh4dmKCovithM | 13C1uV8FFan9L7xbZ6wHMHBbahaVpzGed9 | 1EDuADD3yPyhDJvSuAcCXRdZ2xdtkTQcKS | 13FJLAMUFktohru8RrSUVTrasgmLHdhNuL | 1JarsiVGMzNESU6BvQt3fVsHDk8v56HdMY | 1DiKo8PrPTxsp84LSnce2i7npcAnJ8M7SZ | 12LC9BfDK76PpFRXLuBebHkDkUrrSSx5TL | 12TeU317kTRnEsnNyVjvcsmoWi3j8zreT4 | 1KsnfqPrJ3LL7MtkcfxWexaAFRzy7csfgu | 14woLSFq3bBpGQbWdiTiDPbz71hx4B8mFL | 15RpmWVm2dbj7W1MdJ7GRrwiV8Yjn9aYm4 | 1F9tqt7S1PBXEvwZA99XoWoxL7MHRZy4CH | 1PQ26KykKVj4WGhxNrgSV2QBrarqvrpkWi | 1Etmz59JhW53KTqLhzbmAigFiaiT8JLw71 | 1Mq8Sv9Q5gtX4v3ALHxK35C1oXMC4aYu8b | 1LkSUnZAjrtSsGMVMYFNxLkNvY3N3gGAfz | 1DG3zbPWNYoK2evoQbdPRVZtBsT5vDt1Aj | 1F6RrKtFQ1ATU8TsRfDmEJ3eAMYJMExnt5 | 1KvoRPWoLBkievbTenk5cBLFDsd8xChTcw | 1N1BqUdmWUuECYbGYELhZPfe1uFcoakUTW | 1Hvir3uYDbwdMa6dPipSvBiV2XZKDKj2mr | 1AYiHtgmuqnKscrXCFCxDhVCkiPg2DHi78 | 1NB7Q98AiT9bayxu3SVFnWb3LdoC1nUT66
13443,2009-05-05 22:52:26.000000 UTC,8cba5371ef42cd1538460cefd4d20a76029c3b7e7d1920548968151fbf826c6f,10,1,500,500,0,500.00000000,12higDjoCCNXSA95xZMWUdPvXNmkAduhWv,1Li1YhMc5VhWsbi3Q6k6CgXEukMzZDsVPr | 1FSrveAj9Wxf3aRhL8GoMaEck42xQUNRzp | 129kjyq6bGfsaLcnE9cKoJjUN4V97gDgqv | 1GpmuNhvquSLr9bqJbCboa7cDg7FZjKMeH | 1MM2gRBEpazoQCgvCgbP8yYuXwoRvy6hKL | 18oAbCFmw7CfH5jVdQFKo9UXKwif22sDHn | 1ANtjqvrJ5KVS5s9cYiBAeBSwxbRwVH3Jm | 1BKxh4k8J8zp3MeykoQpJ9ce8hzCwwzTT6 | 1NshuJGqBZ1HpMmE24NPwr2WLPzkT3pjtm | 1KZaameYLQf1YmYgdRib7XfvdfWe8kzktE
14047,2009-05-11 14:58:31.000000 UTC,72776c25f0b994d2c05c26f48f503bb730dafa57f3d8b7cda2254c70025229aa,2,2,100,99.9,0.1,50.00000000 | 49.90000000,1GicJdJjH8QSurn7XxGDkBGg5DooSbcTF3 | 13RQnha5EJeGEpViDm2HsYeTxuE3TpS1Ek,13RQnha5EJeGEpViDm2HsYeTxuE3TpS1Ek | 1Patjwkpi829xZBrwooWM7whUHG4ZeWaab
14295,2009-05-13 13:55:35.000000 UTC,e4e6d0b98991457d45953907369e976988da553dc09b48e75f9955db7efee5b1,1,2,50,50,0,1.00000000 | 49.00000000,1MjJkkBtL8TTQDQ8TNULe99xwWhz214YhS | 1EsHBdSHrHQ42UzoBYx6upKu9x25NFXyBP,1EsHBdSHrHQ42UzoBYx6upKu9x25NFXyBP
14299,2009-05-13 16:03:07.000000 UTC,29a1acda5ccbfb22033f515985a83c3af28ad93cb2854fc425ec642a9f3e9738,1,1,50,50,0,50.00000000,1Cpd6ijLsakiAVTRqegjJyhXe61KYjy4ro,1MaAL4Tn1ojziJyK7vdXyiKLyojtP4maER
14324,2009-05-13 21:24:01.000000 UTC,0106b20766171631810521da688e39e8191ede576e8431791b32d7cec252d309,1,1,0.01,0.01,0,0.01000000,1LafXZTNr9u9zEDiYLJjmNJ7TK9pUBvj3z,16juSNx2hwNkGoEpDYu9s6kWjkmk8ufe13
14324,2009-05-13 21:24:01.000000 UTC,b1b0a6d77007bbaee07fb5a86eb63aadfa2772c409ba879085d2aa43019d4e5d,1,2,49,49,0,0.01000000 | 48.99000000,16juSNx2hwNkGoEpDYu9s6kWjkmk8ufe13 | 1EsHBdSHrHQ42UzoBYx6upKu9x25NFXyBP,1EsHBdSHrHQ42UzoBYx6upKu9x25NFXyBP
14325,2009-05-13 21:38:22.000000 UTC,d4fbb7ff4fb068186583b3e4f69c606f9bd46282060d9c8fb9493117cf926af8,1,1,1,1,0,1.00000000,1Cpd6ijLsakiAVTRqegjJyhXe61KYjy4ro,1MjJkkBtL8TTQDQ8TNULe99xwWhz214YhS
14389,2009-05-14 09:56:30.000000 UTC,337be268b97a3db981432b3771a3e1fc3575f6c98ec787b444fe4f73acbc3068,2,1,100,100,0,100.00000000,1GicJdJjH8QSurn7XxGDkBGg5DooSbcTF3,15Qk2FbEqAYFTidyWBgCDXcCroYwGiq4dd | 1AnR8s8iHFQ9oPoYLjB4b6YJfJMzwFK38o
14461,2009-05-14 21:59:33.000000 UTC,4d54c5bef60bc4ff8c865405d313c45449e4dd9450e3925b04677bc096148aa1,1,2,50,50,0,0.01000000 | 49.99000000,1CScvho8Wz7w774TapxAZHaDK7NzTA4Y2G | 19UYmgDzuqqzG3xbvZfV95NiyWCYMSsaTp,19UYmgDzuqqzG3xbvZfV95NiyWCYMSsaTp
14461,2009-05-14 21:59:33.000000 UTC,b4a48e2416e6e2c3bbb42a4025ad3ac9d8c2bd1f02494a3c76fd7dee9fba6f7d,1,1,49.99,49.99,0,49.99000000,1JfGs9cbGRKHpBTZ4WB2hcy6ZCzPJ7BuiN,19UYmgDzuqqzG3xbvZfV95NiyWCYMSsaTp
14604,2009-05-15 22:47:48.000000 UTC,c5228406aca1f6b12e8617e069f7e1e466be71babc2876d23f1de9c959c3ea93,10,1,500,500,0,500.00000000,12higDjoCCNXSA95xZMWUdPvXNmkAduhWv,1P2WeFtq3r7qLY7MsiVEiPbKrzR979F4HT | 1EDbticCqjidpxbQSGfpCdDzFAGQrk31Ze | 14LfHX1dtSMJpFtg4QdToWZxNKFjmtkgQA | 13VnNh8F8hYTupodQn6fCMSY8kSTZKXbQt | 12vBzT4AXyeMQRnksR5bLt5e95YLoHP52R | 16EP4t2iYcpT6v95wLNprKWmGM3HvMSDJv | 15UG1HzHYRRRsSdGH8ji6aP6sgUPJtHPcL | 17XWLBf7FBf8ntGbJdjQRyodqkeVQgdJK2 | 1Cj7BtBeW2R6Xu1UGuW5fp8Kj7T2cTtqsj | 1FLf2PKZP95vDPooDZJyj5SgACJffgkYtx
15968,2009-05-29 15:06:07.000000 UTC,06032a172f88ba823785f87341eab26ee7a2eb2de9d2f105220d6580e3affc16,60,1,3000,3000,0,3000.00000000,12higDjoCCNXSA95xZMWUdPvXNmkAduhWv,1121cQLqCsDsLPAkJW5ddTCREZ7Bp4ufrk | 165tvFYqJPirsNF1BhJWz4cXwGYXSnDN7P | 1526D8w2uyRZ82tqcVeQGCQgTyVpa1dgHU | 1JajpySnNT7Vn4KkNWs165FCjSxGPNrybe | 13EQXM4v7bEmeybYFBtDmhaaS9RmQ3c3Js | 15YsxUxsZ8vc29EyLDv65WW1SrF4txko9M | 14LM4CFhpt5K9PWyCPCmYWpDfxj4WKCxjv | 1H1NjvoUrgUoXLGkD3yoQp2MY8dkfRoAG3 | 1QEzMTypk87KCxaLFd9AZfQ2betVStjiZv | 1AVaMsGeyYaF8Lm6Z4PuFwa8YmSWf9xsRu | 14oKW55p2u829ZhuLcqSeb4A57NeLUYHdf | 12U1hbK6TUjyyrBbicPZr4EStm479nV1ov | 1PtM9U7DA5tarLxtRvsP1N3HyEtLC3wNZp | 1BcHnbzUHGZnJytod2HXVzJpEexNeg1ptR | 1PkWGvSjx4QrqtNB3NPgAbfxYv6aZkmAjb | 1LjXCeGngx3L5HUMiTCsrvpDXtuSKUGcjV | 15731eePuf3YVz49Yak8b4x9EYCgV7rh6e | 1Kwp2B6jxKhZgKiCG1ZQqMxiL6KCb1Wnre | 1EvBbbdLDMx8qqDezrHBWLjBn6hShFPZ17 | 1KJriHBauJdWgYHgEXVRwLQbrSgihKeM5s | 16B8XykAgdTBycU1f8UKbXjYd79N2i35nE | 1CuQR2R1iQAiv1Ca78KpHWrQ8Y71Pu4DyU | 1GvCTJxaEGdBSKLMDKc72wCpPQuKiHVaS3 | 1Pc7pPGRbED5Yvh1jQ7kXwTMmfVJAngY9n | 15UZYqEfmuLxgApVvFRejGn29YX1VZD5W3 | 1C3dN7RrfvsTtQFMUvC1B6LebnkxVtWfvt | 1FxU8MT7eSgDpGMVxnmMSvkdZoHYPNi44X | 17LTD2Ka6Tr5t6pVnMd3yFEU8q342zshq1 | 12qgT79fUpqr2DYCa5wwxHw3wucGLjQM5f | 1GDorP9b8z2off3Qf3wWv18NrRgpohgBVU | 1BCo9tLs97zv79MvgpKcJvAn1HqQjRg7Yi | 16NjBNfhkeSbjhTzCyYNsgJUNKpidmkxFf | 1PAaJMFARb3XLuhrJigmsJruw956BMEvdK | 1GPWprQCPXMnzitq1bKv3kWyH4dz3SaFPU | 19HaD3mwUfZeXZfB6qRRvFuJvUtzksvKg5 | 1Q1ZcT8LuhVHEd7Eq6BcB8WBWNg5Xh2Wn4 | 1HDFbn8DiPia76mmDQc3WNGagvyR4e7Usa | 1KyPneqQMMoEdV9uXYTQ56wwbgvXEGJSsc | 16bhseiVo2fKVatPB56RTXEVh9u139eZWi | 1ABNzSnL4PzrYQBVZn3ntCBExEAG3XGGoJ | 19T91ZYEn9C1jkfrBvzrGrHHqvuV9SYUaW | 1EHiB3tgETAmh7S1GW5cjh8mdme9pSqqMi | 18hwoUxzZrPUNS5MdiLFHizZg7Ktu3tREQ | 1FqDwDDb3R8Q7e7LA7cMryHLbhmRSvBEgs | 1DGiRc1hq61g8baGQjqSynBnxMzZUQWhyE | 18ZWLCiundWa4NhzfnSDikwbkYFv3cSnst | 1F6Ymo7s62hkjmFTWJz6R9eQuUK8BbXgqQ | 1JoMSZp422CDBDw7LFxQS6XtyF5cDeZ7kN | 12pXbMrxeyMT5JeacSXGE7o2VQpWKKRDUb | 1KUKgxm9P2wL9UMAqmqGYtm6AvmnirPUTJ | 1HUGGRdxgwAzUpaTJRiLddC8mgVQFrhRNi | 18WAcd4ZX9mALHzUU9TPTo65gWUSRqeT72 | 1Mmi8RiARTQ49Qejp3u2HQVpNFgxQRqQoa | 1MLj2d29GvDvSyxZDJn1n8rRLYJbp1SZed | 15P29cDYKEHiA5BA5aNXdFdgJVmHR4DYaq | 1LuaEZ5SmFcWKTtAohgixJWY8sZND38Nnh | 1NoD7nSaBPPWt6hDvBfUJVaYErkEvqzTo4 | 1FegjGqT61tZM36jpe3bAGuv45N9ucgWhQ | 1A6DGWkc7XxMGYBanQcdm33JskLfTi4YZy | 13n561iVozTtMXJzAJNA5TQsnTboRvpxae
16226,2009-06-01 03:01:54.000000 UTC,5f5f50aa278cd47cd610f772be7b22ac89715e1b54b05244df8a489bf67f6d4c,1,2,50,50,0,0.01000000 | 49.99000000,1w2YXsegxvMCpDKgXQdtgcLRgnPf6JYXk | 1KLmv54KpZtTGSJEoxKPvex2RLK8i8eTej,1KLmv54KpZtTGSJEoxKPvex2RLK8i8eTej
17807,2009-06-22 18:14:42.000000 UTC,3b24c9a9540f0b0236b58ffe716a905bfb0f45aa9efe96ee4656301ea1153412,60,1,3000,3000,0,3000.00000000,12higDjoCCNXSA95xZMWUdPvXNmkAduhWv,1K9Fm1w58TcRscyLCyqNXQ8VwdeUda2sgq | 1BxwvqKAJGhxgTJwGRcdwki97PEBxFjmPo | 1Ln2G33FSmGTdQqdJPsjq49ANsqiHYTWhf | 1Ex4xGo5hUZctMBkJx6Yco87RC6tgvPKHp | 1JTvGCyH4266rHP4CbuJTTJg74o8AUmkGd | 1KHkDCD1pNjfHneta71Mc6HPyb64M9iRyx | 1NLNsFaQbvE47kd3oRLFXexmedoPbEMVAc | 16PyC1ybAk52pbaHHmFBxixLWgGNUjcj7Z | 1L1XwQmkW4CrLDE6vzgaGCDsRUjBZ5u8tm | 1k7VmcVNvFoks683SMmx3M5U2SiNcyAyS | 1Ktp7PDYpxQpFPRQTdUJfs7jPZe9Lhn8Z2 | 14AmQj2A4XPFB1VJ5zsQdTZHkMKssrXbxn | 15uRE3Ufs3frqBve6snN2h5GzWpJoWJir4 | 17onesWaaMeDewKA7BotAeMT2ryFc4Uc72 | 1Puny2M69BxWJEhpJKdndRaAASBawXjQPG | 1DZfPfrmvXjf8YoG24LQTozkGdfuqVx1Sa | 1NhfdtHUXQiGwk8taD85gBFDihAYgVrW4H | 1PF9SjKgseEFQbUshv78EvyHCNbgZJcigX | 174VhJ9sLT79rMLdKZpavTJqgSAuEe6mQP | 1L9Qgjq39u54QS2wAYe1JantDUEor1vGr | 1MzUT2G6RznQ1zYK6KrAaWBFf6BdCiEBQ7 | 14h7ZnPDSRLZdCYADdD7FGemtC9AMBjRnY | 1CnC2B6598Q2Msqq2nvDXHBRh7EEo2Rh9i | 18EjWvvUUUphYstECYjCCz1fRnhRHirMpx | 18XrVgMW7Rvbg473UQMm78eP1AAAAggvkX | 1Ad3GUu2WvtFyG9Vpe9qYpALhYdLcPKfwH | 1Nze4cPT7iNNbvyAqp66mRd3YUzNRGyh75 | 1AdH5vCetJV6X8d12VmhGE6TYCdKetAUs1 | 1BGGteXpAstEt7CUUpZdYwNBJcwWcVjc42 | 17WA2kKNquNUFn6NxWfDoBjtfWvQLDeytY | 15h7Tn9rAKZg2LRLNhF4R7qgdKfqFeZhhW | 134rVuAQeASWEuNiyyarMWYSPmUdiR6DUk | 159i7qFUybWnKNzge1y3cywUf5vHn9m16n | 12fwgyJLFtdwU1dRFyQLGP7RLn3oK4J693 | 14SGB8S12oiHCV7e9vnAKH6SQAr2PENpZT | 1HujCSdpzJY8zjnfopTTmUsDKRvkJd8mvJ | 1MXCJQEfdtcZb47jRxuGJ6hJ2x1GN3ar8Q | 12CXrsTngo1RC8knQvWhvaewJqU51phbYF | 1L2NVCxsPgYFoRQ8rospw7xDoun2zY6Ryz | 1CKxMPHZMVLT6emEqpq7VmYEu6yEbuLGzz | 17PyLpyrtj3VcTZZLLtPswf3ceR28Hiabm | 1935agsQ2i7C9tFHVCYjRoYcsckEQWrgPh | 19QVU2Qsn7JqyyhP5Y9EebfHAddu8XH1ms | 1JaRXgmpvpxygtkWVeDieS8SDyNdjd27FB | 1BYUFu2cHbe85TnuKhmkXDJFJv5ZCkDZGZ | 1HFMF79yA8DFSQfXCuVgRPkQCy3WF3ymQb | 1JGGX8oXZ1Hieh86RZAfYvZFGhjZjDCNLc | 12HVjex6NrTKS1gXf191iB745GPdWJhi3C | 1DNua92PfQ11EHki9Q6A6fKcGA8SmJPSAR | 129JQdq7Zwg9QgonAG8PjzjUXKFCEn4DrX | 1A3CFS34uBSnUDTf6vSMCTVgQU1CGsJXt6 | 13KdJFHoXz8unRf8KokPpf9AXSVca3xFPV | 17j5fuZ8BspoEBxh4HqZ5LaEi1ixRZHZcP | 15pEFaJ4YLqvVdqdhoJy5kvETj8yGyEvDV | 16uE5uAhJRcSTehtLZmRCe253TdALHr7e9 | 1MvDzsfUXudZf2UVEtyRjT17TuvrAihHbp | 15CRTshRVYNtHYVDNBzsRDkrLmSAwY9jak | 18dfWSQZVrdt8DCpyMSBsNnNuiW544Yu2G | 1GderJpyhNhaTQVtTfFQqZQ1GGbhA2YwmS | 168nX6rVpTaMaNYnB4rVnt9cCw67k58gWi
17942,2009-06-24 12:02:04.000000 UTC,af727813c113da9a62f900996651ffa24556e83c7b5dccf35fdc9cebb830782c,2,1,99.99,99.99,0,99.99000000,1tQt2rU1ZPp54nWdj7WtL8aK1vVLhnpsP,1KLmv54KpZtTGSJEoxKPvex2RLK8i8eTej | 1EXnHxkqDnwCcwLHLiBSfPrJ4tNEo2Ch9u
17959,2009-06-24 16:26:26.000000 UTC,2952603e1767869816bb839b840b1b1d15812b5c84ff8b453b969f0b203045a7,1,2,48.99,48.99,0,25.00000000 | 23.99000000,1Cpd6ijLsakiAVTRqegjJyhXe61KYjy4ro | 1EsHBdSHrHQ42UzoBYx6upKu9x25NFXyBP,1EsHBdSHrHQ42UzoBYx6upKu9x25NFXyBP
18059,2009-06-25 23:03:20.000000 UTC,1e17fceec98e0d489548399860c7a7f5ad7b5fed4a76a1d73485c3b6703238f5,20,1,1000,1000,0,1000.00000000,12higDjoCCNXSA95xZMWUdPvXNmkAduhWv,1GCCpRxjuRApyHCijbbXMbdi4U9R9zZdM1 | 1GCA6LrVtj3Ns6SFvRqZNSkRJEi9gRYV9R | 1GbuU4CSSk88URrwboYnrsBttesRzASpv9 | 1FyxDhphqL3tfJXmm8AHdB5noFhHRUKur3 | 1EUEYFjpNQCX6aUN2iTMiSvy4rmao43fRW | 1NQjNS1yPmR67CbKN6m9Ga66uUD1R8sHpH | 133rG8daF4fHL5qUwH7pGYxpQwxADsGK1L | 1irw3y7Tx5QWTgJnnpAWuvTEA79rRdgWY | 1Dtu3DfvDbzjEtC6zE7qzKW43Jh8YGNXKe | 14GVqNmnWyFkJo9GBMyAxCwdx6i1t9zg3V | 149U3rMJif1e2b3KE7geYnrJUoRySKDM11 | 1Py8swjCugk1TQBe7dCjLsxPuvknxuSbsa | 1Q1vvcZtovMMDHkWAmjrbqiCAb9WHC8kGw | 1HL5dWNzEaFXJGtnjRCLejbzJms7tpkkts | 18UFapv71FbuKfrbFfqtokq15PWogNYSrD | 1Pjuk6rEHp1QYW9Xxai4jbkssEGSVE98h4 | 1CXLZhRB8KwWvKgTQ1Th33qxtohRcMoHGn | 1HzkPfCHh2VSuQ6X93sEb2HkzTGg4sgx6W | 1AoB31LdMNHYQWnjuQFZXrMWCuaqvEqMS2 | 1CCdQ12hYViwNwxiRdFbbJcvn8ZPRuw9SF
18253,2009-06-28 06:12:01.000000 UTC,6e0557700c3a11c3be9308013bfffd5ddc9680ca8fb62c1e94e3e0282857079c,1,2,50,50,0,25.00000000 | 25.00000000,1E2Xxn1s8huuczQKmAgqNR1jTZzq4wx9c8 | 1H1CksscHEP4RuUrFQQsVwWbvDwHT1oHZy,1H1CksscHEP4RuUrFQQsVwWbvDwHT1oHZy
18353,2009-06-29 21:21:56.000000 UTC,e2a2f15960e9a2346992f6032def94d7d42718bb5a9392aea04241d3c9f7c766,1,2,50,50,0,30.00000000 | 20.00000000,1NithGmSgUGQdsYg8gH8WEYtk1ZLxyJBDt | 1FNs7Hy3qigsRcTk9vLf5Jmxis5wgXzVCH,1FNs7Hy3qigsRcTk9vLf5Jmxis5wgXzVCH
18369,2009-06-30 01:03:37.000000 UTC,fbf9a1acc8e464051b336ea4359016a77a7a9c1388c2e90aa222d4ee290cb97e,3,1,95,95,0,95.00000000,1NithGmSgUGQdsYg8gH8WEYtk1ZLxyJBDt,1FNs7Hy3qigsRcTk9vLf5Jmxis5wgXzVCH | 13uycjnhWxZieBTFUWqwyjRckz2rJnsrKh | 1E2Xxn1s8huuczQKmAgqNR1jTZzq4wx9c8
18502,2009-07-01 13:33:13.000000 UTC,4dad7dd01dd65eaf24c75aa833af02002e3cb5494d8b524f6ad809976ec2132e,2,1,100,100,0,100.00000000,1NithGmSgUGQdsYg8gH8WEYtk1ZLxyJBDt,1AvbnTn4tdMUHgGgo7VJThbv34UYPD39za | 19ctCtYoJYZJrBXc5Q1WVUYMuZjB8K5pyn
18604,2009-07-02 23:02:29.000000 UTC,7221331ae19b913b7af2c52baa96fbd8f95426b2106b85781c9298f8dd4a20af,1,2,50,50,0,10.00000000 | 40.00000000,1ByKUypsA6yoR98RcEQitqhDuD5j9gRM1E | 1Ggg8zcYWMn4tMgK1arFGNU9Wg7ithp9yq,1Ggg8zcYWMn4tMgK1arFGNU9Wg7ithp9yq
19863,2009-07-20 22:54:07.000000 UTC,123a3968cd91b42cc1ecfb3d0d11e5b09d21e923344847a1e4b2577d3bbc69a2,121,2,6049.67,6049.53,0.14,6000.00000000 | 49.53000000,12higDjoCCNXSA95xZMWUdPvXNmkAduhWv | 1PwTyRyX3xBA1NLPuii9qBkeYv7uAouRHa,1PwTyRyX3xBA1NLPuii9qBkeYv7uAouRHa | 1HQGMiaLJ4FKGoReyqhu1AJkFJcMBug4im | 1Emb3RFG1rQEiX6dYsXGrcrA94PrHEEJg9 | 19X5HZdTgtCpwmNfbtnMbZxpMTpTGWdQaF | 1GKDAystYhqd665z1Vw5KLwLJY6Bo5VNNc | 1L9hoo2xwCYTNVi154tQV77avLMfzZTXaD | 1NjjERdgNR1rVS4MaKjNruY7BvuFQ1KV3D | 16DnqbB7xQNt22wRDEPgBWpXMDLab5x4QS | 14gFwvPF94ZoPtgd36bD78DmiLTC98H4vX | 1D8ovSMrFQW7aUcGZUjj1LcoT1TmreuYEf | 1A97z7CmgPE8WFqiBgyvQrrXHncW3sqVGW | 1GRniWVSt6KGs13TfrY6mMvZHSnurX3mgt | 1G88YErUNpyukAbLP1jW6BR34VrkrCV4zP | 1LDUHsdTQVWULrEr4AK4WJSUPpa4cPJcah | 1G8Z1D6PyKuSkt1PmdGzmhznemVVsCjRQ7 | 1CHWnEcsuuguGwKY3rX7vw2DY2aZRzUaDe | 1EEMrLJjBzmDvQsNEJS19wvmmayzSzfmkW | 1PCes96ciFoV1hSdR1Fx2MzcMyGzZz3fqw | 17WZs3Z1SYA75yVMBT378BQWxYn4Uytw5S | 1J5VgmTxADNKsBMELDjGebUWGqH25Lyqik | 1EVBuNUuL6vFAGKoF8bUvC9WV32QQJ8wVj | 19mLCsDeDJFURPRyMpvEin2wnx7bdEaon7 | 1MdRvRdNsTgVDMthwGLkYXTwivtQPFyLE6 | 1EQEShkRw34gf54g1omVhstovc6MRCTSBg | 17WDmEfj3C7nRtBLXUoqwVyapyXyr47KJR | 14DxcGUa6XiTzSkPMSY4dsUsWWtA2P55pJ | 1EfZmkKAyEEefu1WzeXhHF1RZ7oaCRhB1s | 1ENuG1Sia9o72SWE9uTEct4nqehrRsGMs6 | 1Q3BdLVjMNkeF3q52hS9xKEowu72sFNMBG | 1Hg2A4t6QkUqWmdcckYNLvMLHfjxo6yGH8 | 1BMZJu2aNWEr6mPygakpJB77quHrtcgT5A | 1EFP9Ajnj3eLvRkUN1HEsbjhSNQvqBtQZi | 1HgnF641KPERibiRN2zyfwzmhs1uxAeSej | 1GSrcM7xTHki8nEETSKkQGcNDWVsZHmuGY | 1GovgRN4zmq32HJGKLTEtx9Ec1VC8Y3heo | 18Tpga533qYdy8AJqzMir9om4ztdyCLR9j | 1Mzq6TAs3oXfbTEPbPjv2oDD378VLdesgC | 16YYbNuoCvWpC8j4rK8yHtqqFjQieY5feH | 1BHQtW8NFNS7gccqBVgZxxkTMtTQFty59A | 1NrmzdTfEzfmbsJxW3jH1HbLNkTYbn3MeN | 1JSzx6zB5wynSyhkGYrRV1NRpoE27Rm5r5 | 12FVMQMFoieNYN2usao48HjhpWx2Pin8HQ | 1LihqZ3DMyYecSvb7bsojpcrybGZGAvLhx | 1PB4ydQGzYk14mCjujUfr3fUrTAJiTLhqj | 124wRWVmAkRejjv6aPuF3B4qi5ww4uYKLy | 1MktB6vu8zkw1gnkMWitSZ3QxePkmCiTch | 1PwK8hZSeR6oL5CCDCQ1M7VLoC5noqrTLw | 15mVtJhESuQke2E9y6GG5WYuyxqLb8TpE3 | 1LSaht9o9ufPhTKm6sMffB6rMRLi77dSYM | 1F1mYyzgNub4R22CWjaNyhP4prDWdQ5EaT | 1G41zg1oyXrUu829jkMRmyrMdvMknqSzYq | 14QsDfxXdyrLtMmzpnBQUYxS9GbqaF1rTn | 1F4eKEhunTpNQxxtqPMKBSgNdGm1YfiGMr | 1M4mU7NTQHjo8RdXjwpy3wqrDZ7yCvtRYq | 13pMfGjrYj4X4MBQ5bZbW39kjVno75Ea5g | 1HQJ6BUieZM8TjChN3ntpVYDjtNkiY5nKE | 12qrENRPeLXAKW14iiT9x5uEB95SU1Mj8z | 1G63Eq7vN38bUR387AJvxR7YfY4CtKbX9R | 13dLae7qrykhWeZAUJrEjJD3UBMCDnCSa4 | 1HWG2aqZDzZtVRqmgwz6QHgkfxJZeWPo7N | 1BDhmVPrzupXsAMmK5vXj6ABW3D8RZ4RRy | 1NZF4LrAJL2FKsGUY3gpcCVZpek8eYc6B9 | 132eq4gfMqvrjT2UwRkMHxC7Ja8W7pLD79 | 12H2jb1V37uQeTUZPcg2BpNRcspPDEE52u | 1Du1MzGDiukhmnUive2cni97YcUrTy1HBb | 1FXPfHzmQDYNZgRotyDNF5MRVPhC4SHdjv | 1FB2VN9aDtYB6Au1eG7Q62Rdhs9JEfYcv9 | 1AhZx4iajXdvE5UvmpsL9VFE3Ckr8XiTsP | 1wsAmjGc3cbLybvu5YR9eCgRp7eMFrpKk | 1BmVb3JtU1FMpHpuLkXqA9ieAg28gLFYtd | 1EQt3kPZEz3BEYyQbjBBYU8dwTziWqFJpB | 13XQUEugYbpMeYfZZXBcaKBuHrd6udHt8v | 1PUBuPp2oX1Au31xRYJMtmCYZSFM3PT1Xj | 1FFRhXG1VmoYhewa4ePgLbGMMhDN3k5oED | 1MuLTU4yge1BetxmDdpSJXnLrT9AkdRbQ6 | 1BShpnLFXxE7WHuPeBQmTgn9XbJRrRbDfj | 1NmsU8zp3nUPXxyJhn5bBrhjb3hbdVcHSd | 18ELjP6LcEA11Gem6C38jz4jWMxRxBCuki | 176o2UZnEYA1yW9yVwGAiZ3cqwj5sy2fCa | 16oqowCnG1ejSYsMwwcH4KXBvqF5UcNVLm | 1GboP1N9w6sf9HRW4CZQz1wAdZqusbrY68 | 1B3haCtgJnqUwRbfW6zqN5mLiizVb7Vbmc | 1Ap1m3SmqRinJtwfiAA4eXGhmzXf3hGLYE | 12QNrdmontwYN79C3eqj8ur6xuhfJVTKQC | 1FZVvgCA8PmincDSjBecgLgUnQ2nBcDzPE | 1E1vstF3FqWVcSToetvKuXT5FTNo2XQBmf | 1PyrUneZeboEPoND3ZRyQsi3EXGoC2T8La | 16GW7VDh46pamYoq5A2eySHNUG2nMZjm2U | 18Vvt2bsZVPAVvfAwEXZz3CrNE8cqoEedU | 1LRndcAt6bgax8EKysxvgF4geFKJRBBsxV | 1NA8JWASvBbLnQUKFMhCBZVFAa23a5wJvt | 1PY2xaiMVRYyo4Eva8ZdZ2D6Rhpj5Zvaj9 | 1MDXpRMX1mquGcfk6fvWQmCghNxogeDDRn | 1Py5rpPiJ95uXsooiG7AjTjh6TfbGT4WHg | 19KwywexrA6uz1NF3gQ89CoYab4zwj7N6y | 1Fdq9m8bLMS1Pwr5GZusjzw4KsaZcSNU3s | 14FwRKa5E21MLQ4THyUP39tAc58xY7YDwk | 1PbThNwmAoBMm9S6z19zrFf5bzMpuaPKLe | 19SxEAjMi9R5No49Lh1qRmQHS5Vzkg2p16 | 1PN3tLXnUACKQkubFdSJuoCvX8J5B3xwQT | 1AgPwzp1dTjJv63tis5b8gYns6JYbmmNLL | 113Gt6bGGG9mQT8qzUo3xNQFCi58dzwtPa | 1Q3is76xrjywPSL9m7dJAdqdPsRiwegc3N | 1RRDYnU71ZWq6e3gCdmmjzvry5hts5o1M | 1M89rdDit4gR52V3mDuGFsCmfotJsjPa7G | 1Kuh6hhm4MnSBzVxdzUpDAWq3ZQLktjTA1 | 1FqxEL8soH9UNRe6xrqxboDyQQPM17nYH7 | 1EZM7FnHfj5tJXZTjkp1Dnt13495HtpdMf | 1MfHLqeW4weyWviTurTVysCTSE8TmhvknK | 13W732ZiUQuxgG9XWXbR91ghKacxijEwKD | 1H8Fugyket2cp1iutuhxywkcgf4cQnrxe4 | 19y9jzp2wpNQhSgJd5vHZ8nFeRBY49FWUU | 1MNH7Tcs28dKXAuaZgEjzBxFYRCxus1uuX | 1MV8joAHY9MYtAirGgLn9mSpKk1Z3Sxvxn | 176jAVHGbYYVU39oVZP8Lfocf9Do1iBYDB | 1F3ydvBpxK6uC3r5QJ9mc3xmmoyKcPgjZr | 14vg1VzeEmT8Zdu18ytzimpzAs8Q6hyNNV | 1BbHqb3StekpRkAFNFrZmu7ZhzaaqdH3vL | 1CfQ3z3zv3GSBFrZE5QDXApPKUh4vT5Len | 1MAejb5kdhT3jocvVmnzF9QobebhPuzKQB | 1CkFichNh6TPYLrsswxCD3e9CtQEK8PJy8
20343,2009-07-29 21:20:39.000000 UTC,9b9176f85a4b21b6e0d1be4a41122b659d7724abe7da8a8d7983899fc845ab21,2,1,100,100,0,100.00000000,1GZ274NgVCafuwK1LrnAirzKGt4FxENEqK,1KmDsyxznTrq7jFnGvX266HzmTmiYLbhmv | 15DrFWrxpyPDvZGP1qeS1yEhhqNX5St91t
20354,2009-07-30 17:57:36.000000 UTC,8449a1e57f2b34c755ab233e68e9ae45c689dd6d457f70dcb69a2508f90f6522,1,2,50,50,0,5.00000000 | 45.00000000,1EG2ZcVyT8JtGgAchrz8tHmXJMu9QPPUM4 | 14PqZrw9FCUhhYRveSiJ6Jh889DDdb5mVR,14PqZrw9FCUhhYRveSiJ6Jh889DDdb5mVR
20770,2009-08-07 22:27:45.000000 UTC,cdfd2e9b4ba6d086f4281699bb34f4398697c2fab699a2be0a591ede351b3947,111,2,5549.53,5549.4,0.13,5500.00000000 | 49.40000000,12higDjoCCNXSA95xZMWUdPvXNmkAduhWv | 18dBAAdfR23pioGd9VN1Ji1pgGoHBr8RBm,18dBAAdfR23pioGd9VN1Ji1pgGoHBr8RBm | 16rosAGV5jBi9KesgBays9dpUfcnMqXWK6 | 18CBLZeQFqRWuhMoGDsG7GPqLt8eGzS7so | 17oqqUwZxn8KWa3JcyiKqeJsoEDC9wiJ7w | 1Kgi6innvvKGEbx65hL5Kyk5anAsAkNxMk | 15B7SStBPjDsudEdxfxaVVEscnktzk2UoN | 1Do9dp3ArMHv3iQYogTsLQpoCPGXF2Rk4R | 139wTwxi4NV6L33MNbXvbjQWfKMFbUCwxw | 16d9Z8pxY8GSs1VTSomWS5EuibHwKBUd15 | 1HcciVorBh7UVazyy3zLMKKEZ3BHUz6d4K | 1MBhsH5pPwxdPauhTJhDyER98xyhCkati3 | 1FDErJfw5T8VrATPHuAjNnGrigAnp3rSvt | 1PPsHaNp5gZmxf4TTnt7GhQN2r2UUTKWKF | 1X39rJ7fxT3bYbtKEGWp5vZEdCs2xsT27 | 1DxP8VXr6KzjcwXUPP2B9a5dYQvrAzqBJW | 1221LU5egNYth6hxdXiNKZBiRcB4Q1UnFh | 1PeyH6Qck1Ed1Mo9HQorRi6JcV94zJsU1M | 17bdBQBouWiGVY72DD6EvfyvMLgFTK94wp | 1E7ZBQHUd97ucXHXyAmwrbfUNzvXabJbgA | 17EuoXfB1EBKGSjdLkdgMKXu8pQN8JR25C | 12A44NBiK3kka6ciT7Zwoy4pK7W2BdwuiK | 1HjtzjopZmPhbJWhUVKrkfLLdoXo8gBs7Z | 18H6LS6SdhFC26cNJzJzw4x7hgf77RJjbQ | 1KWYjRGuXRujToMe9QwV6rBn2ckTHzDb7v | 1BKDeESSoDERLopkoxJuGCotXnGvaY7zgE | 17mdRWE2sSegtDqUmrwd9dzuoHccraXBft | 1Q6v5VAUHjrDJiqwCGtwQpxMs4R3R4Gsw4 | 1BEnDU3B7zvbkRym476NwEdgfyxVycC4mR | 1FeWNJ6piPbAicnVprwwmSzyS4HwaZV5Jf | 12NTmHXLzEaAaUyeVkDDRSTwrjNWXuWQjW | 1AyKfLR55ZqQFjqB6F3KEDvm5csmq3w6j6 | 1EB7xSAmNvv2Vb3qE9VoE81mBTpJ5eJGi7 | 1PczAYKgkgcysoVcshAdwBAXwo9cjeEs4b | 16Vd9GCQcuK9YjyPt7jdczna594v7YLtVc | 1NGcPmmyAjbcAfQHwCdU2i62rG9X2Mux8Q | 1NZ1vEz2668jpGopAwsHMjbrmAC2oTEhxM | 1L5sUZVUqqrkK4Ei74vLKbNq7mDtqDXn9H | 1CNHmo7CFmb3SREaWLod2Vjm6dJHs19UuG | 1gUFH2pxbGk2NnBzxN2qKd7CouNSUz2NK | 1FDWTroceopx1D8L54tc8WNKUHWjK7mVTG | 1CWvmqcRuZzTyjABW4fpKQFbE4DjmTxx1z | 1EFytKqP2NN7tGRf1GVvN3VwHeGbrj7gnd | 1GxXW4JmHfEEv71NySNS9CMJAYaUWH5pn1 | 1wAEj3ydnkr42hhkvVnzEM7dQ7A36rxPr | 144KLAoA5SKcahCx8Nxe47bZyAMSjXDrE9 | 1GtwF4HoqmKPyjrYTXMDBxfQQHSqE1xiuz | 14KAVekMY2ZGs9Z4SRBnLFrsQVXLkPrhY7 | 1B5cSRWnVJu2oxPsgbmWiAf8cSypPvVdKh | 18yWxSGaAbwLRyWu4r2NqBBtUmakqxxV2V | 1Pvp68V29mZ4fSF91QoX1W1hidAWuYmCaJ | 1LBsERpm7Q4VCKkyaVtZiHVPWAnjiiBsUX | 1QYHAMoiF1mXYWbk471W1dRNyyzpb4XwR | 1Gd5xmfD5h13mDMu4GGH4UTTQWsyAh9snQ | 1NkWy5zkSm58qW84egTHtKLTbF8MZSNNGs | 12wkpxRrXEhgN6BVdY5VsGaXJD5pVXzFMr | 1CXM5SkfYeM1A9JfjKyCErVziHzozUuDdc | 175fYbxcP9cZnhU2iPa1r6hfiXpqDje716 | 1B327r8pfxL1zf41vZjUu32Pe23XWWGE5j | 1HEFW3BikTQ3iQKqJjcbk7zdv2Sf3D4rCQ | 173rUddUhTgdfU119asgPnF8z6KMX9ThSv | 14gcsww8XcNwAPCUCxuPDt2if2vVz2k2Xz | 1E4j6W9ihoTS1WhXPCti1YfSxruqzMd8G2 | 1KtjxnAEmjNvLEZWqzyb5PCns9KPTf4HqA | 1LbujvDEoavHnAefVrWW23VJnbgRwCPuAA | 17LfhGMp4CWMCSXoVq1hjz5kzw3pKh79Ga | 1Egnjz7YheJiLCA8uwTNYMgEqdpiWzw4Fa | 19QgMUFH9HnNDUm679pNVofE3ZBGCtxcb5 | 1BiQzRj68eAqZV5cHRSvhYnep7oRsXxXEe | 1PNGhEndonczWPJneQJyV9LL2Ct1hqqHZD | 14YJenG18YT4gy2yVoEgqzJtcAC2Zc6TdR | 1PwTyRyX3xBA1NLPuii9qBkeYv7uAouRHa | 1Gz7kfbLeRCaHufGGjEkvyDQNZ7gggGAqv | 13KRzVDPVniCWEMf9Ha8VvtDiS7q9b5AbP | 16NPHYoxYimnYN1R6PJKqn9v7igb1KZUF3 | 14HcNfgEcrMHmNvmstChKoGHEnhzaG9yrT | 1DrwMLsvmebd48hgWe4Cqs7UcdQEvfRhYL | 1FUQUQVCRy1sFWSZxaEu8JR8SqFceusGnm | 15489E2h2V9XwFVJdiu85zUWYD5Gu9khrf | 1NKvD2AVk7XZPmiGHDpSBSyLas8TYPWtUv | 1KcFhuz4mZVG6etmKKSV6vhsPi3atNshP9 | 1Q6Di3E9o3uTfGxi4PCXBE2miXiNYDPA4b | 1Jva8vk3Pn7ZzGCJRv935qvJaPQ9c7jnbA | 1HLq1Mo72DYoZ3bMieAZ7WNT11Yh6EwiMy | 1HyunN4Na373y1xGgKVc24sGurJ6jJcgww | 191Lpu1eQ6gJMe1KrGaPj8HFnCF1vZsq6x | 1Khzraw6Psy9Sb1XPJj8BaCFCVX4Rig2eS | 1HxBqh7CrV4U2VBL4uGYQeGBqm5oLAYgeA | 1FBzmAQ1QT7XL3Wvtx51C2bQmRV1mJcpKB | 145KqakmRXswWGumyE9HaPKFC41iVVeah4 | 12eGf5me8v3Rz1UGDBKAnY5RTGndZmykxZ | 1J2YPVfRKSoGfYcf8AgMtjjBqAEciysav1 | 1NqbR2QSSjhiUZ4RabgGzA4Anrw4ijUdn8 | 1Dyj7ANW1tn26EarDwCT2HBTCqLikimuV2 | 1F38V1Lo4G1b77caFuY8Cj8whzj8kxHnpN | 1CsmhRDVwdEvrS2dhdFT9LkegpDgnSCLnc | 15a9EQTAAVQQzHnF9rxx1q9bnCeXUCc25B | 15SfLs8Y9pUAQfhm9VU6XTn2AYwepyQidD | 1J8LS1HiBXg2Dn2mgNhLEvdCkC9CFuuQ2B | 14rb289e13jUS3bVFaxUSdjvp6XjXqMSix | 18xYYPy5H8aPUEruwJjhTSrj3JTUEqcqAz | 1PZDpsvnbGL1tfvznKAoyNRHqR7oF7VVLC | 12FGJ5b4WZxDmq6SogVRtsZi5Ap8Sq4zEJ | 12HzgiGqrAaA3i74zJuPm5tB5CVRo9d7yu | 141UwmzPUtADjUvdbpfQLzemCZJS3NHKuA | 1ChKTiKxibPxy1xk9GCVJLqYzQnjhaNKbV | 1AShGjRZxvffT41SBV6nPpyyay92DrfVNR | 1JxKffdAfmTcQRBnV9qRoBTLfnGv7r8foR | 18PHLv7j14bDt3WVZyqEMPUD73F4eFfepB | 1BpQ2jJsnwFdQ28vxTJsJFYcKBW8RRDxjk | 16vuyqFxGwjAuYstzaFVAWyKYVPLw2woj2 | 1DreJF26VGydTmFgv9QBpfvRRZVRgRLari
21563,2009-08-26 18:23:18.000000 UTC,18bd07424d7ef0e2902e04f7ffac4ac9676dfbb41118af4323e352e1398c05d7,11,1,498.53,498.53,0,498.53000000,12higDjoCCNXSA95xZMWUdPvXNmkAduhWv,13i2H6JPg2jnrpsr5i2CmMRMLoWusovjt5 | 1Bj1hSfkjHqY65tki7LfyqqJbswbrb7K5J | 16UHCNXENBQGjeihbYV4b9pk5yAJ18eJ3P | 18dBAAdfR23pioGd9VN1Ji1pgGoHBr8RBm | 1DWw1AUsgr3ukmySZzEqsCKchzXKKUNho9 | 16NFt2ByZmHeeHEZa75Wj35p4Zs3uzQ8Jk | 1gZiJ2sr4Hptje6hEDSzzn5noweQAxskq | 1GSUxU95RifHzedGR1Fmk2z7oZ6SfUonK4 | 15X2ffQhwQBrHH6AYQguUh7XwGePN2SHWj | 18tEw5V1a36PhgVXri9Bh8oGTTphPhXYCs | 1PMBdjJzmukn594YNVNnbcidBhJga7XXwn
21563,2009-08-26 18:23:18.000000 UTC,3e6994691cce8ce35f3b1331896b05b600ea512c9a7bb63a8e14612d5ec897ad,36,2,1800.13,1800.13,0,1800.00000000 | 0.13000000,12higDjoCCNXSA95xZMWUdPvXNmkAduhWv | 1GSUxU95RifHzedGR1Fmk2z7oZ6SfUonK4,1GSUxU95RifHzedGR1Fmk2z7oZ6SfUonK4 | 1L1TE21xBf1o81S9CnMVsAqg8jP6rCwPz9 | 16Ceh8En6L7y2BqfoGts43kfufAYMKqUWG | 17bse2DB6vU7hZPPLnp21RpmQVoa6mZrTj | 1FLjg1NaeM5ynzKtTjq7DtQVWdfM9uLA3e | 1DEv8FoBg7bwfz2dMj6X75VzPEuDgJD33R | 1PsywUmh3cjWFU8JD3rd9F9Qk6u5UNS11z | 1NBaPRiMQuzutvMwKkcNJxXUonBVVBTNKE | 1WAySPyboJSvyj8oc8YbtFtHaXRsNt2BY | 1ERBj1R7VknbTuENhZ7WTjb6hBds2vktv8 | 1724eP5dcHkLtmkzdSnUxQ3xQdj6n1PMC2 | 1DvTuWSmy8dvHo86EzdqyTMbA4aDRXJQ2g | 1BKZLdT1Rq31GZcTGsWSN8LXSLg7Zt8ZAP | 14HhPwYKtsGwSP7hPL9N9GEssmA3ho1YjF | 1ANLQDQRS8x4BKgXS126XrLvCBGd2ZF4Qq | 1HkSTfzDbUi8Z4ndq5n14bHii9yoJtnn25 | 1EY7pLM2ezu2UNMogG1YxBeTXShSXTpFFa | 18pCszeNKDtq7WWQ3NnjtiHfx5FKTFigq8 | 1J6vDEXqyFV2LZokuwLhvwefzBENjXVLMD | 1Cnu2HSCup3kXDCnZaQ4hWHEZaChvT9qMP | 1AiJnpJ9qEi9Vbd1H2KGx3MpdiaqEqpaq9 | 1JTtynUeqDRn7eWRFDXNxE7THS5yY6xa9G | 1NnNWqovjA7H25yWNFMCKoiojU2SsKaLVM | 1BcvcnMYZoydPHG3i2zC57VPNsStCeB1jA | 18ACuS7iHjZ3stMhcsXAXSnsDL7Fud8Rn9 | 1NXXYVm1eK2umRKJFMwiTAXSQNvZtpASXH | 1JkkVJJptPUs12kyuJAzEQzLmVnBUuPzyD | 1LzD4rdoS458ZsRDPgQuWqbVct9yfVuqZ4 | 1NpPmJ1FSjTuTKjxwbrf2rvoSBPBnWJ28D | 1LmpmqHwg2mKwKx3FmSi2ysryjbR7FhjqD | 1FXF6c15BDX2eCRfg1fsr7yFjcKj68Ge7e | 18WZji4c3BMcoiNEqj3hk3H6siSE5ZjXMw | 14FSefptcrNZ2avh8PTRd2qh8VLQuxQUoB | 1K8gsC5RxvxbwajinJyTryedW2XinRTC7a | 1NxvtZdaeKUFNcrLUrHoFkiU3du5h1Svs8 | 1MXqSY8hNuHeKJUsCGcz79YkxxshbRzFwZ
21563,2009-08-26 18:23:18.000000 UTC,6106c76b1c0cdb6123ddf93b2782b1cd17a9bff3434688661cebc6c159d0a24d,1,2,49.4,49.4,0,1.00000000 | 48.40000000,12yrUmFBpsoh9CrV38LyxsAtJ4Y7ymNJ7y | 18dBAAdfR23pioGd9VN1Ji1pgGoHBr8RBm,18dBAAdfR23pioGd9VN1Ji1pgGoHBr8RBm
21777,2009-08-30 05:37:37.000000 UTC,b5b52b8989eec1f1adf045676aec9f47be4f17782de442f95b5679a4ad54c79f,1,1,50,50,0,50.00000000,1NAauy83Upy9yYv5zjcjk4hwPRJWnzvX52,15xUYUHTghThR8aQSLLY8uHnwcAKPSMDhH
21897,2009-08-31 11:06:52.000000 UTC,c235d6d86a7cc4a932045295b3d2558a0582a8b8eb078978cc8e23cdca056970,6,1,300,300,0,300.00000000,1NAauy83Upy9yYv5zjcjk4hwPRJWnzvX52,1Gi8BswQjQkQsoPBTfWeS8VWAu4znNRzYv | 1PkQ8a69PQCHEJQfy5dP1oaEUhMCJHs51h | 1Gi5Kv577monfQ2BAEMXAk43icTHoAJi5u | 1A36PKyhPSfw1yvXJXg5YZqWEvjLzoZoRa | 1JDBEKqn7AUSAPPHs1hpbAfTqe9mWZAAPc | 1JaWCbEspaA7yGTJa21AG1n5i8FomWo9Po
22107,2009-09-03 08:54:10.000000 UTC,374acc94a6ceeac1722a1a10f69c561698c0a4f8389d657425d50a17b9880691,14,1,700,700,0,700.00000000,1NAauy83Upy9yYv5zjcjk4hwPRJWnzvX52,18nXCLpwAHezznJYYZ4YNJCUAJBsMEusQV | 14tn5ygzEVvgbDzUMFH8xs3zLdhFzU7cah | 1B3GmFmqXAG46qLLacc3MMnHBK3jpfxvpj | 1F32rMdM6voxLcrgc4SH8D7jvWzqtCLBYm | 1HhpLQdZ4DX4jsKWd6tX4pLPwwqAaQQWH1 | 18rpZU2mSLBAegMvRmdoqvefPbruAK8pjB | 1Ls6S5VLntgFKcCNkLyvzASdPgMQPAjQCL | 1E2Dou7UQ7zK5iVuHCW7p3QqjZR3qLVkHP | 1NuredHzQJQUrYGWX4XA5Ew1oXHsCXMCYd | 151joJ87dKWt5YuMfkqQ5pDxji99f6Hzpe | 1KLZYJbGybRgMXVKzZrV9hshne2nUU8nDj | 1kuBf3LF7ijdNLaJskmVZtp6WRhZLLmoo | 1pTqPYso64c2L82FtJZrQXY1RgRJjkQcv | 19xsmB6giAdgGpMuAgAEqhjhLJTKJ5A7bA
22407,2009-09-07 15:45:23.000000 UTC,896e7774cc4f7aa65fa3736c6d0d91a1bccdb4c2a3fb78007830c68439da10dc,13,1,650,650,0,650.00000000,1NAauy83Upy9yYv5zjcjk4hwPRJWnzvX52,17oJo6L9i7mHwQoogmPCuaya7dwEQJ93eE | 1MrJ3AMFJ9zvsKSPBS7cynfYPhtjhpxrZm | 1KLq5AAczzByEd3b7sj1pqPYCaqRzab7tY | 1KTvhrgzWNQapws39rS7WBsr3jSBGafCAF | 183Z7Z9LQDPzeE8eY6cZB7V7Ga8PSVf1Sy | 1AoAVV7PRCAdRZHbq9M9FJzbMvQNdrBb6t | 1NBhZoo8WhUnYLyanAnb6rRMhRUPkyCsu5 | 1A2B6Q3ng2Y8iyGPzk8BnAX5bxyLrt4zxj | 1JHj4y9tBBidHYrFSAkjFLSd3hSweL2Nsw | 12Zdng1cPNs4ci5nZToDJhu3ME6wvWXRvn | 14D43SWxsF2ckxAk71ugurwLQxeNx8biJ6 | 15RdxXEe8RFkGYFpDcFXTzoP2PXuB4rqnb | 1HtttHSiFfHjTfXTK7Bhzmy7AwoE1aDZMT
22993,2009-09-16 15:17:29.000000 UTC,eb0e2029310edade8e2a034aea4f0c4a1e243fe2dce67d05f95fddb7ac11bfbe,1,1,1,1,0,1.00000000,12higDjoCCNXSA95xZMWUdPvXNmkAduhWv,12yrUmFBpsoh9CrV38LyxsAtJ4Y7ymNJ7y
23079,2009-09-17 16:10:30.000000 UTC,9fc9f9ac9c516925f0cac51323e626af63fcfee74e0bce9a4be612de9cc1e201,101,2,5050,5049.88,0.12,5000.00000000 | 49.88000000,12higDjoCCNXSA95xZMWUdPvXNmkAduhWv | 16VkpmfxEWKxgFsCbGmLKRLD8ARrAXnr3g,16VkpmfxEWKxgFsCbGmLKRLD8ARrAXnr3g | 1EwLpUNbfnMbcwDUqNV529DJ2qkpuAQm32 | 134JkBzsZk952EZgLD2ffTcZtsHwDjjptS | 133voqWd9qyUyfQpXmiWxW1VJh6e8izvFK | 162yvTmukjcPNCYDBvz6WjturWDgEU7m4p | 1ABeBY9xruTGhpNKDgC9tS3PEM8trg1Pz | 1GQkijUmoNsiVQbREjKe4JHFF4E2NdEsGz | 1NLZLwLQGEYDz9q3LhpSxQBTGfxfEhTxX8 | 1GdYDkHUHvhxobvZcSe9VcmYSHgyrNxVcD | 1CD9dpnohc1wpxTkKhXwaM1kSa8VUzkHkC | 1LuDaP9espGfQWzvrHDPuXCgQoKUhgd1Qr | 1GtGupaufXWF5vjvcfFBsp2fFPmN8sg12N | 1NV7Gn6q1c8kUVFcEiS32xW7GdkHRkkfJb | 143CXfMMA6Maf1QjW6c3WiX7WcW883rWcD | 16Eio45bqhsdJfGfyDKymdnsFroyh7LMWM | 19AonDg3M7gYigwYz8yqaQErcW9npGMx6Z | 19bzXNcLKMAMRggWqXHHdLBBohc52CQVoR | 15whFgUAWbBuS72Yqx7UEsojyBypKr3fGt | 1GPHHgCYXd56VpmGujuhhu1Ef48z9oJCM | 1CvXEsM47neQnSvG7bdSpZUHHEeY9TmdvH | 1AKyEYZDwiWpZWdaYgTxAVj1pvdc6SeeHd | 16X9mrJFt5Wv1P47Q1S1gcbXMTGqXdWu3t | 1Ltzk7Uz9bhpxFxXTdofSzcn1TTxrqLCMo | 1GL5n8zwDnx7PevxZuHB6wf4BEZSr2HW3k | 1PUDw4uWS9m6hDccdCvDHQwmmioksmdPVS | 1Aks4qB4mKndAG8vbtSs3FRexaekYXr8Rh | 1BK6cYRxCkBDai7KHXu32MXDbVbVhUpz8o | 1L7WsscMzf1bVTxPmjqyEF5LixT8YG5Nq1 | 12aaqYgwqszhVCj3ujF5KzR4XLLgxpWjET | 1PDwLB3YbW4NzbRp5DFknjNNFQPrfKJz5s | 1FzasxGBzPXPwP4ZdCE3XtVxnjrFZEAVUx | 1H5iUL4sjFYj4HEbPLdGYiW7Y4VArR4QYS | 1Lxp8sQm2DE2HYsYCX7tB4Fx6qx3Hwi99u | 1MA4SN8t9oqGtt6bkk5sViW89pjakctQXp | 1DKFsKVJMpXdL48s2wERWiFLUxY1pipao3 | 141GFvE8GJ1vev9e1hpwFQwvzGAi4CRyG3 | 1NmJHTJMjziwrPZdJknDfAoUWh8fqW1Xsk | 1HsS1yuzf9HShMv4VBTF668L5RF2eyK76X | 1Hj6xso8RVPFarWkw6sRoevoG4SGz5MERn | 18mZWK1d7j9HtarwFhqWf72fnNUa2vkqtC | 1BsyZg733AJsoKRrD4KjqArypRrZtT7ZSD | 1NwqX7WmdwnDyadQH8nW2q32ddZSzHumMZ | 1FhheZJ8d6FBH5GZpKxxdPpuaPXKBf92Qw | 1EL3HxxwWhfrgtkgWoLJHuvqjPoe1HU7cN | 1Nqdx6BT4E5goHCDy4EukBNbtY28yhNHT5 | 15ZtjhB6a84cgxJGSMGXeajND6QqrsrRzH | 1Ksxn8DkpFUNapaHNkMtS4dyTH9UPZj7GF | 1G7VWHV5wt5H1Bry2w5wgA9hbKaBN7xqUb | 127DSno9jitWqaKhVzm1ca1tkSijzRoCP1 | 16WCxHyNAiBDUXTvhG3UwnDuQe3kz3qWWk | 1FcCLgVHmncbqE71bdEUAvq6YBzvJDGu3P | 14e6aJ8Bh3CRMJ8X3nXtzRjsaiJKFXdu9Z | 1CrruBeXy8wsRosuwnKiqZZqeyzCviZn7A | 12MBCodtrM8FmifDjLThcLRR9kx9hLGVxY | 1HqpL8cFiQmrPZqnxi2uurSFjtsBio1nGg | 1KUgjRjJToZGaTP6GwKayXzyCLgkkRezpH | 12cEnUv8zMF1KfcSWEBNzr7JBSb9243qkc | 174F7sv5ecpbVGAYRpxdgNKqY6wBGRCV3Z | 1N1iLNq8LNCGSfzn5ZXNJtmsV1eD3qKzQg | 1C9fWjfhe6oUa2GDkN8kf8ziKjDDN8WmcH | 16UvNSzYRtAE7EZPi6duzhHEASuXa8aQA5 | 135jAZKXPk89PDbe8Cqe9firqUkycnVcTC | 1MLmxu6Kr6usSbLND8ifdb9vJdvkY6K3nq | 1Eb6WtWgfdUzQkMkiSwjzaikAP9RZJgRAj | 1DFagqQe1hVsxeTQatAKYMUTmy4xD19sVw | 1ATRoi8GoGGJyKab8Xody5VhNCpbgrpipk | 1M6pAdwgiqwhS2B6TdhEur45G9SX1H54J4 | 15UejtDLGLYfDeNJjVSd9Kx8HnRNm3q64c | 1AYmPSRK3zubkUtGBrXRqMYz1krCeprBcz | 1GSjZkPRKpbGZDbpaQWVFwSEpEEe9tC2cY | 15LCDZCqGUk44Vf6dA6nJvv22dWVQCKM2w | 1KLfhF1tUnrPMSCJSuxNKNLRr7puqcsg6Y | 18ZrkRfLTpC8CcQTHvDGTnx884vfFB8g7u | 1LVPrvEPNPximJJDauYLDHQzwCR7wsNwfu | 16DkKfknSbe8MLYHDQcXXG3DJxwC3bEF8i | 1Bv1GcUbEfBw48isfyuzWs3tL2e72uNajL | 1MVNMKUBtVGwewJ791dxg8PJnzk7tRud3t | 1QJZCKcN7pjjb4opmuAZdzkamrcqhwvzPU | 1PAjTjKx3kzcadxxpnjASP3xQLyNXLm6Y7 | 1McFhcp9pNCypagoB8Epappecf3HAjdYXA | 19HbMQ6tUHT3MYMKdjfuibQUBxe2hRzwY | 1EXCDDTKzhP8gXdSy1MXQWLz4ZdUrWZEpd | 13GZtJs8mmdUW94GNUjiyhWD9Bfz8huqz5 | 17p2UxfYYPZcP4djLH3sdXj1sVBvUJFP2y | 1GiB7ooakawTaPQucW6MDne5RnLxYLsMia | 1JwgE9qtGfEMHFCZPQtNCtyvNUsEuGGkmp | 1MQTPonwoT8x2p5KfTwzqoKn7H1FveVJAf | 1HhPzCzbSSTQDgxuBe6zVrbU4Jq1n8JZW3 | 1HPtrB1HC5yYc4a9ttbx3jLoHYBH6NdgkK | 1Lim7vQqQAWkWq9xU6fDD5B6y1iXCcEmbX | 15bcpWmBz7udaz6oRsc1At57zHwPMLhjT8 | 162D2NJpoET6Wy8UVgNNrqzEYdxf2LSSpJ | 1BLACUZ9urg841pQM5Edz2MtjfEwKyWSrF | 1FMDfi1JFtssP9BRMnoFKELL4JTPaWnDmP | 1E8wV3tG7kFTx3HE9opBcQKY88pQzXegak | 1GYf1JW4cUPMgG5YcJiMysqoyKm4TuX2jU | 1DdEi47TzFQNePi7Cq3FZkc5vs5AESLLMw | 1LkwbpspqpH4KdphU7SzT4Zkekgr7cee19 | 1Puk53JXKXTF3Jn4zm5cUqyjrDbddjUKZL | 147Yn1eB3ffVQeVxx4H96hur8HUGuehBQM | 14WpzsYfLZuLbLpkdVaJ5fJyaHbvquQ6Si
23393,2009-09-21 19:13:19.000000 UTC,831525b6cc45326dd170a26d7f8553dc70780736e30f525840dfa1175337f59d,8,1,400,400,0,400.00000000,1NAauy83Upy9yYv5zjcjk4hwPRJWnzvX52,1PSN6QWCcsLwHB3ZkBZt9KakK5k9zEuc9n | 1A6ha9721HfbujaRRAEQZ4bz7Knynhpz5x | 15L9rHKimfPfX8MgHrhGPKqiwC9dsg65N4 | 1PTqdjMAHpHg6g6Zk3WdRAS6TyqiwfVAnk | 1MyEmfCgjwv6Dw9wK7EVCW12JFbRrwSJCd | 15AfhEoSqz6c9yFMHh5zZkctcCErDAGyDD | 17wpRPd4M3qB8v7kyVJpg7yggs1toAymxm | 1LTqGjvRgTRkVZMfethWTuSPcr3QkvdkjW
23427,2009-09-22 20:51:24.000000 UTC,717a9f02d6bafa69f0119b7f87dab7cb697d6f30979cc72ba8d99827e8ce7d6f,40,1,2000,2000,0,2000.00000000,12higDjoCCNXSA95xZMWUdPvXNmkAduhWv,1DjN9iSVmqMT27VvEu3qs5ZoymUmPENqXK | 1DtkVM3Euz8KJ3hGiMaMWHds9BxnXn935F | 1KTqr1X6bZGasEWxCJTNyi4rnK7cKt2okz | 17EGkGyi6cQWJESYa7WWXN7Kvstz2ScueT | 1PmDM8NYRXTTw1mCQSLgSv6WAHhxMoDZvR | 15YKx8RtbZmQzaHF2A2ae7jPdFzUHQW8BK | 1Pxt3fAhLFCpXLt6W4kXvYceRKVJUhLERV | 1M1NccARcoexrMDHjGAVeqM7M6zvt9Qq82 | 1EsnqjL5nZNbSuVMcDwFj9yxFBHktPx7ah | 1Fk63CzaUsXHeSXuyYADFKyd6r4Bmsmrn6 | 17UStMGLUJYAwc5LSrwoeJvMueQzhPgoYT | 1DCf4SsyYWJKVG7p8MP1jZt8s3W3FHLg6n | 1JbX4Bq4t4r3rW9KXVFTwD2UNVgEu6XeJa | 1KK66R8hfxUkUktm8HfmH1K8XcDGWQ6yKq | 1BfdgTrUXr5NUu3eCkdgV9oU2sxqM4qxU3 | 18tGD4n5DedF74J1m1KNaCmYrVxemUwgED | 1MLoZpmnMy5eJZj3qpaFTpZ5mUQ5oQBL3p | 1KEVuTWmEjGCmj5hLwqF7GBRrYszdUq2D4 | 112KgukeEvq14Znf15VbFV1nRwdaayGLjD | 1Aw6bfo2Mcpg3CaJSaapuVyd8hsa3DkMbW | 1LSsVafj9JkudZk5XNaZmeJtA5XchsbsE9 | 1MuLbYXS77PRGiNyJAe36kQ8qRBz3yb1ZE | 1PBqVAj1sn6avTyZTm2nRd2BiXYK8ZVydW | 1GHCxA9ohm25Mhzpz7szeJfaSDEkuk8AqR | 1EsK8ty5pjzrcXxM1gc1GCb77AH41shGCt | 17vE5mZBipqgYo2rbRUJHpefgEP3d3oy4z | 1NkpvqyFJAKiYuvnxm7ePMHzCAgpZmX3Yr | 1FssgX9DBVd6aTyXTzGoQ88MyfSutNoYm3 | 1Fv4zT41n9fTPARssrkCd67ZgXWykrJXhc | 1PXh3yG9ULLcZu4GMhMxApgn4Dx8RZE91V | 1Efqk5W6kC1t72HfjvnuQvPp1EWEAqus7d | 17qkmfdc9Pxr5YDdLiesEa2qS6YWDR3ZAc | 1CTXQrxLTK4opGvBY4mB5TyFBuCqLXgnD4 | 1DYjcphEWZTAmdAHyTSs7GDDH2tNqY8WHj | 1DUmazqTChjPooe4LPNRuPJrXEMf8cEskT | 1PFTQr9DQnW5bRackr6eb8vekUnWUfM2s5 | 1C6MqzCF4193jqxXyR3DJXRPwhGeGrEzns | 1Bpx4ppJzLguDHftJv8NaDZNauvRLugmGb | 1Btr7qE6imcX75cvmPq3hNYLZH5wUrp7Z7 | 1CRV3cbyw9seKyM6hE5t7WNYD4YH1wCv16
23625,2009-09-25 15:56:38.000000 UTC,315f41f6ca3bf76938bc7a1f28ae1c77ecc8a64d0a0d37476ed7f9e706947765,20,1,1000,1000,0,1000.00000000,12higDjoCCNXSA95xZMWUdPvXNmkAduhWv,1KaJXr6urCCxmtDh7ToKGGSiJzbQ6eraFQ | 132fBzTVYy8vhrMAFPF7iRy3nDjVzins75 | 19kuYR7tdsaQmSKMHi7AUS9ovXsqX16hDJ | 1DHzQdMccwUBZfjwg6oukVU5XT9G14U4Yt | 1KQwdiW4bQ6hrNF7TFh7JzP4jsKeBvGW2T | 14zu49AtRzubF2psgwQodpbPsrzRZGbeyE | 1652AiiygdfZUkxNSi3RgirYVhQhf7rSZZ | 13vxTKg2xqGt2oChWR8q7sJxD7XWMCw5W6 | 13D9jioD6EY5FjAogEoquHsyn9RwDnwYiz | 16JWeahm3oLFSheR8x2hiuYyHCiyAjD3GX | 1D6wg47wa1LS1oaZ14osPMTBXMBYxNYnH5 | 1469yjFHrt8CSz2Xju7Y16cXKqLCUhimaH | 1Ehtk4aTaJjYMcpts5GDVuAjmFrp3XGhkT | 1MASBtpDJDPM6nnj7to6WmU6CyrQwyiGvM | 14uCV1cN98ujnadG3epDtwVmRhrumjzKf1 | 165ZwFCB1efq3NRnDdWscGhCxPZGdZGrAH | 1GvZ5p4fk7jBjdanKZ7zydcq1SDL3ASxwP | 17Dt7kxNnVorHuY9p1fU7sB9bfq7jXsAha | 1LCoqoZS1vNyEpihsYb6LeHhNA5sy45RT9 | 12sgE7XZpgAwGvw7XJrQRZQfoYhdwzNSR5
23633,2009-09-25 18:03:43.000000 UTC,a2ccf09e7031426666ad295a3e7b7477393ddacbb66134157c8f1860de6d4ef7,6,1,300,300,0,300.00000000,1NAauy83Upy9yYv5zjcjk4hwPRJWnzvX52,1LdQxNyUgUE6Sgx2dv2AGcahr58SEQZeUq | 13rni4mYMuk51fqZgVL4TmPWKNuC2TubGK | 1DdWYancncvYA8EFSsgCwqeCmLo3ukt1kz | 182dR3js6KvaUgekTLa4SLbyTF98Em9JTo | 1395Z5RiQbogqZGnhGwNWXZoYnMPcXpPLJ | 1KxZdt4D6LVYWLeEuFouFxdjVkZ3QRTVYi
23757,2009-09-27 01:07:28.000000 UTC,11e5b0bbf5a4f567525721f45d89bd30a2888c829b333a4a50710148777200d3,16,1,800,800,0,800.00000000,1NAauy83Upy9yYv5zjcjk4hwPRJWnzvX52,13q7nsXxJWwjD34DP1LD9scqDidn36T5u6 | 1J9rVSdHFBAnNXB8U8Kt8U7L4C4XRFVs71 | 1Qo3G8dRLucKocdAoeQaU8451aGAMVE1W | 1PeQPRaN7DiJsVNrJRhCwcGuEYSrUrLquD | 17o72YbCRY5VJz3KHhENTt3532NgpwPLdi | 1EingmdxNxqGvAmJTSjP6LYtt1iFuAdq3p | 12ARSGbg7NH4578Tesd95pf8u98FBBEbxv | 1DLV2aq4eAoLwkEvy87pKkZGx9q1fSYia6 | 17fn3rv4WzH2YCB27CaMqrpXnLXMRu8tPp | 1MYogi9vWoGAaJEN5LQTLyu5FzAHwDioeV | 1FAAUJWWtmmopzj8cF7p1xQo7rYvhhev7t | 1BVXs9VYd7N2tFbmAak4Fg43H1me15rcTN | 1DTCikp86LRqKeToKApbn3hJQ3zwKFL3F | 1Kgg8MnxzsX7TJ8yEbW12v72tAWjzcEQ29 | 12ThhDpFQta77CqBkpagVf6v7PrsPzsUDh | 1HDtxxVgrTFQoup5EbkFUyeTdoMhtZYwZr
23937,2009-09-29 04:30:05.000000 UTC,311518ff986d423a6ea1d1f33fb5bcbbf52a45da078b4d359588bea7e0e8dc9c,13,1,650,650,0,650.00000000,1NAauy83Upy9yYv5zjcjk4hwPRJWnzvX52,1JjjB5puq3Nr1Dekj7LVcscLMJxHq9dk8y | 1QymqAgi92c2V9fFr8Bx3ieMofdKyXSkb | 13CsL5Yw9BkMSbyRoY3PVAkdUPSmgmhvYG | 1Lg9gBP37RWpZHHMb8b4putqNRZMi9R2tF | 1HtYjkc44osASkr85xTQ57Fun5THFGvrBt | 133TEEz1H7nnhZCioUoP4Lsj2UkvEE1ugw | 13ftSg14kQD982wTCTJbmvjdeH4WXTZcck | 145auTrg4GKUwGWkVPbMNSRTSMX17DXVK5 | 1DZK4ZQUZBrugk1A72czthTy5dQUhRcBFJ | 12yAtgsEq3H8DfTbg6TR2DXxetVDYFTYyP | 14VLp5AD4gwtnBU4Ku8bNz3cg8yQ9C6mGS | 1Be96CvPudbG9UFxTGDEc5SCr4yahNgS15 | 18TnRsHWnUeXVSQJHdP8xCX4jrGv9PiVT2
23980,2009-09-29 15:48:05.000000 UTC,d705df2ba5f32dff9ff275eb57865690656656cf67ef5b85a236df2cea353840,30,1,1500,1500,0,1500.00000000,12higDjoCCNXSA95xZMWUdPvXNmkAduhWv,19F7RJL44LzFGHVoPDN6sXUsoh9U5G4Uxn | 1JDwCXoex8vrnnSUp3mKkdaLvMCwp3ZnSs | 15mCP65DnjdUsTJoRhwDnXDQVdHZhGYEzW | 1N2gYAqvt6qNNeXPhe8fe1FMZVn1TSjShS | 1GTn4droBWqasTRwfH4U3txUaZ7ENoDr6m | 16HcBD5FbXPs5Vshm6SDNG9GQdbZeohURR | 17vXDfrxxdUPfnxvSJ8xE5r3hXWjtaPtUn | 17sneiABkaa3t8kWvZy1LZsNX8NFDDEKHc | 16kU3pNL9oWtwqKrAN5HR4Xbq26Rc5T7Nh | 1f9B1LKadU7gWddYP1ERRfuwuht9BUP39 | 1MkkV9oZtXinXZ7catrHjJKYsP6hyngnTh | 1AGTRtYQEHwcPf4YB12A7WyCHznoZhDyBx | 1KK4NykWBcVnRuQvnVyxTVAwQvGtzqecFS | 1CaowNfrYrQy4i2saYnR3tswaKHJAUNzUF | 1KbS7c5s5fnSCvnqkZY3LQVKYZ6gfRoHR7 | 1GoA9dSBascicL3WxvSahDiSCzNtskHJvD | 1XU94qZPWzHJCKZcEt9KRPBpP6fXHeP5o | 16q4rNFPwrnfrEQbdnejmdCTaB4P3Qxbf4 | 1NAv3orBYSGZzkbpcj63bkp41uh5Ghj3i2 | 12KW8rBZqfsa1skjoKLdoRBn2mKdDGrMcg | 12NLDbKU2H913a3KNk7MAsMdaxgYdoo4XQ | 1D3qvDknazdu4p99Asp2NFZuEUBd1ew1YD | 1JmRGd9Me2ccMvpmWe81RHYj929JXZGo3M | 14PZkMfT47jBn6CFD1ht2FyZe4N4XMYYPc | 1Mtq34bMLqz2fc8Qfb5uy22HzpHEwSxedc | 16zw6mtoMLY6hqRtXopwqR6QtqZJpK4YF3 | 144TM76z91Fdk7Le2L5zavAw55vEkNmTcu | 1DaJ1ApM1MRRSe9rYSeSYrAQUh28XAAZCB | 1E4FWujkx5t7xFWGQhS5yJR3FHYHwh5QzV | 1DweNjNDCUzJtTmLLneU9guyjr8CbCF9at
24215,2009-10-02 10:03:37.000000 UTC,8a1c5f21902e300850904dee0772fa7222216697c448edfc13a388a6a73472de,10,1,500,500,0,500.00000000,1NAauy83Upy9yYv5zjcjk4hwPRJWnzvX52,1DmFw5F2YFGDbA68EKeTfkhYTdt8ruC6BY | 1Me6rtAG7fNMNYyNncYtut1swmk7UMZEDJ | 15hPRrMPrFQibXC3bZCn5s1qYMGFfAjNhS | 1E8bgQnvw283t7YTpmKVfNbzqs6ttWn7HY | 1G6Gcmax1iwp5gdV47sD6vGZDGPWcQXiQ6 | 1M5wdoQjs9jVvD2Kjof31R25LzF3H1L1tW | 1BHjhaZM5gwUhppuNmFWxiVvvLkct23Sy1 | 1PkTGCib4e6qSgfzhnuR487ajqeRA3D3MT | 1LtqzaULgzfp4zeNte7N7mp1FwQq7bXoZz | 1fndkxmN8hH8ti4jxU34D3Ajv2nSwCrS2
24434,2009-10-06 08:40:58.000000 UTC,c650a26f418e25ad7b12da3545483c8a6291e53667de6733e6ecb38f2d3e902b,4,1,200,200,0,200.00000000,1CBXL5tBSqJZyyCTWVkrLiQsKm4KULBfPA,1CUqy4mEvMxgFqR51ZBWpHjyKj7CPmVWTv | 1P5emgrFLxXdD5GNcACbsA1oMzyj3ykNgU | 1JpK9G3mTpbdLQMd27x5VHGNCeFaYtcANH | 1K5aEQs45kQ6oWQX8eTcPSC2eQfVH3Koxm
24434,2009-10-06 08:40:58.000000 UTC,c842f40c439d1b274378a8c19115620404578b4d318237b8506493dcde56db7d,11,1,700,700,0,700.00000000,1CBXL5tBSqJZyyCTWVkrLiQsKm4KULBfPA,1Kto4hDneKQmYQGkcHZEd3ss24YkWhiyCy | 1FAv5FSN1MikNAY3bi63cJDA3QXPo6sAxd | 1Bd3psXBp8FQSPLfQyWu6M4YjiNuoJFh82 | 1MM9wyriteGSCR2WMPZyBb4iTmWg3TaHYu | 15sUbXRtDgPup8mQ2KvGEeZTf7LCQUF4gY | 13ZhuZDkUMmJLRgpKcviE5EmyzqM73A4eS | 1G5heHpgvWwQWbzH6jKihU7DXCHgX7Dwtx | 1HuMa9KsGNTdftFwkKamYzj4VN93dzaM17 | 1LYFqJcxz7qA55LeN9NR8bC3QBdTQeCm1i | 1KNCxWvPmmwKPrr1kxV2hRn5cwLGaom8DF | 1CBXL5tBSqJZyyCTWVkrLiQsKm4KULBfPA
24835,2009-10-12 04:21:18.000000 UTC,7dff938918f07619abd38e4510890396b1cef4fbeca154fb7aafba8843295ea2,74,1,5050,5050,0,5050.00000000,1CBXL5tBSqJZyyCTWVkrLiQsKm4KULBfPA,1NAauy83Upy9yYv5zjcjk4hwPRJWnzvX52 | 1Q7yNN1RKtVoXaeB8CDx6EcEky3wAt4W9L | 1HwniAuta7Bn4KWwSTPmmXyLFkVMLvrLEB | 1HX2fqYaGWpv7uYy6QVdeLf5hTkoRYLYFE | 1PpmqR8qunboz9QzyC2nBpgVcoyReqJrUX | 13fph2Kqwqwp2zERQvDJqAJdNBJnRPDUiv | 1GMUJqYCB8c6jmFhiuXqpVGZQBYcnLGKmf | 12tpse6dnXNg5szrKGz7ptxuz3y4CBV8eD | 1P11nvGYvCDbeDrFUVTFZqhDBkk8HwdaBT | 1GGesAHn2iebijbDd5mw37m8D8nBxdXQ65 | 1M1F98rwU5wL49T23wZF9VVinykov7p8Dg | 1QJhtKhaLTW1D8iMRnXPsfbCaza4hg7Jtg | 1NAauy83Upy9yYv5zjcjk4hwPRJWnzvX52 | 1Mju3s92W9JcTStx7zhJM8nGeJkhUdkVcY | 1BWTff8tDHr4GvRqmBt7UbwosabLNfwnsH | 1dEG1s32HdAWdX8WUVX4KbwDqgt8UMndP | 17RHGjKcKZ5SLkg53eCctKkqnkSRJEHGSJ | 1NRzPz3QgcMR83XRiMdMwJjwTtVtMLAQxY | 1CEGGPniH5Jc2gh28nUfDEeRKiJe89eimL | 1CSjQPGgQGD2XZvLjgNnZxbMNjGhc4t8E4 | 15F3TcQWK9DAmUubHKA6MVrTSDmcozfsTs | 1FKX7SNYiRpufgyzEVGm9CX5CZQS6yqPN2 | 176EBjA3ejiDcPsko8pecPDMPRaFdYMB4d | 1BeMEBG1pwcof7uCaYhLco8EYebLg8joEh | 19ahxJDLqHNEdYvntiEN8Xhagn1tLkSxd2 | 1MzqfRN6ARyHrFuStvVvHSDe5D9fcXaKLF | 1GS7XWfor6sxG2uQWtLooEfBHaPphgzzsS | 1BqKuTbVXZmWjXxgu4kwy975o3yvij2NeW | 12ktSnXNtPWQhupaXp5B7XHqP6ToZy4YXj | 19FrnTdmhCbW1HMdMmcqTe27YHm7B1YMDB | 12QEUqVm4NBfrwZRT3kuHmuMdUtgmBuPY7 | 1NcFnr5GHrCvi5p79mNdUQqXCq3dP7LV2r | 1AuQUCtFC4BX5WxFG2w8Veej8KftUAwgqQ | 16WiLL4cAiniCvVkATpnUhQ5AK7VS1xrPC | 1Q2DBwPZcPsiUbK7qnRLnG4BczuDZqr7Vx | 1F9GfrycJh3ST7vTKbXsdsuGHj3JFrp4PD | 1JcQXNCoQAo3RrzoHS3B8hWCFcNLPqJ8Mg | 1953HLLw2nwqmSbV29hNcwqZpZ7vFLK2a4 | 1BeLeT75F1onUWHqUtecvxdmSeRExzTmCB | 1MNth6oB1eCkgFHhev9bmQPiamiM3RQRW6 | 1Edk18LgF83eyq93YX951s4J3Nhhs7UDyJ | 1JZ1Pbpjg45r6gC4eXzFeKx6ZT9cLL2DHf | 19KCvcCQyQ8ZMmR1jJK2wiGK5XvJF5KT7c | 1LnBwfVniXftjpM6pPPCYdVPjCuLtHcM4w | 1GH9ieW2Ftsk2fCFScKTsDhgFGx6kRss5U | 1CxEpVpkbKJELpLX3mL5s1D4Va3vQ7GDcw | 12HTy4mE8WY5gJNeDMzMM1SkmcmZPxTLM8 | 18Qb5Z83WMUbm6bmE9q8vwGeN7VY4YeyVf | 1Gd42t8p9M5qE6YN8hNtZhqTLm1x8KZBBb | 12ssuALySsEeC4z5fHTdThLiD87K529zpp | 1J9G1CG6XJHvTuXCpATDA2Si7hjKDbPWcN | 1E1iPcnZXa47UcDi2XSXrgbUHEACHuPhex | 1tCy2V1x1dMRc9SbGn8gycbHR6XoeHVUK | 1JXrKjZfUoMMVm1d2KESEn8uecNSiuphc6 | 18bRMxH2FrxUGizQiZZLhfNFbnn164pMqy | 1B9JgXDM5uS437E4eCLCLrHM2KACVZVQ4G | 13ETtmt2XeV3FaZsBWo3biTi9ZR8xYbMug | 1AXDBRMYt4v9kPaUzWadpKVzjGRCFY8XnV | 1DURDcDjZZ9DvtrCMUFthzEHenHie6cnRz | 1L5poWHaMciLjQKBi8nqY41StMut2hkL9D | 12L8ntwJe3ceKeYPJSYAiRqcYmmfQLgTeP | 1Ecy1M79Ei3qnDyzZZ7cQqBvVSGrroXnY9 | 1LtsMhp5WNyWLaiKBw99ShFWianyzWCymd | 1NmQ2owJuXZfk4ZUSTFGCPiwnrvFu37VhS | 1Nrf45kx59Qbdiyeq82Pg2HFtQot29kXen | 1MXx3XwrbdPSQGtp7rYyGHu3R7gsGR5hPb | 1Nq4rPAXpwgUM8DTfkUhrsUNbkqmsTHPVK | 1AVnzq4JcxJvrvimcW5s3q6c5i8qfj7xdf | 1BVSWJAwNrvbNRDtig9KhKQNcCkge3xVDY | 1FwgHxjtc2YRDPfXoULvgvJfzD18nnswX1 | 14BDmeTBZ9XWcafi2Vu8m9sgqr7sAHbzyM | 1GhkeBmuzgo5xaeE5gMNq9tgDsoj5DEgrR | 17NwBo3FaMguYf8CSgxbFt68uSgBn88buw | 1BZaizTriBhXybe5mGZiU6x5ohNysPaYVg
25095,2009-10-16 05:31:17.000000 UTC,4aa98b18bb6766463b4a84c3da86decc066e7744670fe7009a78017a0027a344,81,1,9700,9700,0,9700.00000000,1FFZZmAqWRiDpywytktZ7qQTXSvQh44exB,1GuuZ5m3khNsMLCvHLfpfUyFkHDrbUHS3v | 1NHhrZmPJiAokEQspbStedQH97S8jVKr4K | 1DU7zTR1Ja7tPR5yNkmz1Umcy7uPZG1n7S | 19YnpPYf6Si1kydACLbSKsQFfeFjuj4rii | 1Axbxg2dy9jV9V3nnnkgAwReH6UkRusH14 | 1edcFjwqsEKX8XFrNWfPLZGng8QLndGgj | 1Cmp9AdZkppHDkJABdEH7CG7wLEgwq28sY | 16ypEgpoSQmDCQYkmZA1NhkBccjiK4s2sS | 16RS1yuCqUk7Yx6jGmCD3PMrEuFJQXyzZQ | 18DiVUtpG93hBBGY4o1ozR5FzdLtBFQ6DR | 1FUspEsYeVMeCUUpnDuzt4TqWdeLaz16kP | 17d2q41RimLmKRQcjmtEo1okcWnzTkRYZc | 1C1ugztXkRGC7ScnHYyLEvYMPSDmdGbXDw | 13dWCn5vKAqhPL7Uv7dS8M3XA9diiH2mgs | 1ERFxQNrGMm2Jx1PZui6avmr2kGmCvQypZ | 15zsT8Z3VCWkPasEapJuBDpqebuArqmNP3 | 1FhbT3FuTLpdix9TzbrStB2m8CYw6chtJk | 1NkdypLyYkyoRhFsPoxRXmSGp4p17DNvip | 1EYa2hRjBpsxk4bxsB96UYG2NkbiqG1NWe | 1DvxjtWY73tAthBJkAis8SSBgKF6rJLqPj | 1EDMojzjYAPsppjdiGnQKe8rXNCScTi2xn | 1BmVBQfAYTyCrjYPc9fULqDCH4kgKAg4ti | 1BtHBhbKtNeJKTeeS9YMo269p3jLHytpna | 1N1TUccActRtQVCmdFyeoch6ZboxMW9gJf | 1ALB1iFHpWeUNAL2QXHtXpp6msai5HM1Um | 15xke61p36ZsRwyV6iA2qKTL9Gg3S6Xr3b | 1BJpbdVSKcVACWRa39AeLnWYmL8oDTfmLT | 1HLo2AvEpcPzoU6xnFQMwC2wPHrkGC25VF | 1DqMQTp5fHYdHgWXQNZvU414GtrTefgDVY | 1AiApNsVf9NVzwxb58icytVNAib242FtG8 | 1Hn5FQzxnA1LsD4YBXX1RxUr1wCXkzqcGe | 14vKs9WNR7GMukcNxCzfsRbm7UTKLRKzxs | 121unniQ5koNU8gtMwJTtuP9RsH3Y21q8Q | 1DsenmVF4FhuPHNdgpBvzriCVVc3ArkTya | 1979dfwriqciDkDeb4qHRzugUwCne6ybZS | 13CoCC8DFdQmRKiWZbSGiaw7ZQT4BfxMJy | 1HeSGgsnpkbd5djrfrNEGjnvVXJWuTm4AF | 1BFpxgsxbPsoVcoguz6pa6UWXH1b4esda | 1DdebaCfLv6CV3bNXxNAZRArZByJk3R7BQ | 1CNEviK2rkm32xZxhd87t8cNACRFf1wWmd | 12GWBbDa4TSMkKgpuXsnJWf8g888RX9pWJ | 1CBXL5tBSqJZyyCTWVkrLiQsKm4KULBfPA | 16wtHdEvWa9sarXb39h3xfufj5gJU2s559 | 14GG5onjUsf1JXnZXPxtqffXp1fBJ6PESJ | 1Kobqhsp7YSEqoLBvti6FeY9fWFLmv5JwA | 16EqZ9QbyBe58Ly6iSqVAmjLuXiqbWrqeX | 1LGbijeqzrCWKA47pYtAKeCkLBhVpvD8CW | 1CWnRNX7FYZqTrAD3TmgFR6YSKL8gEZeA7 | 1DurQ1owhQ3NcL6ZKqfmXC1tWLD4c4hv4b | 1MSfsMUgACBHqvigaVmi2EzUy2Ci8E7kko | 1CBXL5tBSqJZyyCTWVkrLiQsKm4KULBfPA | 1HKb7D3RqgFWLPT95LF5cM459FQXPZcTdZ | 1CXhNm76bj22wWkmY4W8bJJGgB6qQ9aLWC | 17SxJjBmcPdxR6sVHcZfPNYPc3y5wiQ2Gf | 1AX2iDnJob88ry8VKj6wfDdrL55fXu4fxN | 133emLh6whWfX6yTmYAWjGSCD5H6ffC1xf | 1HSb8X25Qczmh8zdJJy87tm2yVHG9hSyTL | 12q3jDUrPe5ozK8aCCjcxMejUyYenr7yNs | 135po1vf28nR3LJtRkjwJ7FiAntkhHJjo2 | 1CEyojazAAsmnif1sW9jqv3imzADTUSyQW | 1EDxPGeHfCY4zY7MWpPYS6KwSZVk7Ycme6 | 17toFGQcxaV6n2MVo6EUXAd73xRBYeUjw | 1PUYDU9Lve57TpAQZw34eaCwPQNtXwVJXq | 1KW98xy31wEoyxCYzZYp8rVShn5SbKtSBz | 1CxjVmvxgqeFTowXZr5yG8AvXZwXJzkjqy | 1P1NfR76vTzQSYEF7XcihWdkzc38GNvP1k | 168WC3Cdy3qXkn1T7gTD4HzFtZuLpHXr5K | 1zHjGPmkV7gsnn7WmPcp8D61Bzx3xHqiJ | 1AnjT6Uq9MK816Qm8gQDmRGyT27jycEQWd | 15whTBTW6Am8QXKPybNfJapXbKH7Ns2WmS | 13niLzfXhPcZSurHB2sUwoAwNBiB3fk7M2 | 1KiPNcctqm4WoiQACo6vHDLZAPtUPTsxjg | 1JdDpsvqFvez5Cste1LRbQ2TvmoeTT32qW | 1GGariiax3PAahFhtXLACYAiFm4c6CwSvW | 1E9LELT3HNCPdhJaXyjQi4EtoGfsSrGDqJ | 156855cfuDckFFfCeB3cQz7hhxZg7VoPdQ | 1ABftVspWuoUZFRrGf8nX8suvjTpmxuLjD | 18Tm8gX7uh7rCvC2Mihs2tFo8BLxuwX2WJ | 1Ghj7noXWAFd1MghW9cxtmg5BGJ2QthCt6 | 12yDFdxRrZcw2A9URvzWL4G8wavGyHwdNq | 1FLuWwsnpc6QijSKoNAUobFufBmsobgGtv
25206,2009-10-18 05:06:10.000000 UTC,668dbd88e9171be4b4c3ef54d16d48e8dba07bb70a821552d5606e7183aa3877,7,1,350,350,0,350.00000000,1FFZZmAqWRiDpywytktZ7qQTXSvQh44exB,1C8bQnMdwD9VRDiWQhZ6oikoQ4G9Yqu43G | 1BAxVH5fqBK6GyEkdvfZ8HFiYUnX8GgWmM | 1GpLAmbNG4NJ6RWa6W4Q3MxeeeKnqW4xax | 1H8ETfJfmtNVMyXVJFY7UZ62fDuqJufKRA | 1JGA5iK4zmkFu2cofDrYroNhAhjmwQ2Wkv | 1NTN2r56eVc7mBh1Qz7PGGmvVaRwerpLM7 | 1BhNB2L6hfioA9SFLmy4hxQapBhZYhXFCV
25468,2009-10-20 22:30:46.000000 UTC,837453f2c50bf10e28c115b844344720cd76766fd14d44586b40a5d8e6cb33d8,101,2,5049.88,5049.76,0.12,5000.00000000 | 49.76000000,12higDjoCCNXSA95xZMWUdPvXNmkAduhWv | 16VkpmfxEWKxgFsCbGmLKRLD8ARrAXnr3g,16VkpmfxEWKxgFsCbGmLKRLD8ARrAXnr3g | 1yRjLHHwGmtdrpckx22q9CBEbfog3xSJF | 1AwDsWAoJafp3PWj5c9W64ReDvPTKmHPCk | 15EXCp2NEZtkhd79WwYCQ9pxjCFv4MoaYF | 1PZVkrNi73QQsXNNbx2eAiewSFbbrncTLN | 13FfLUaoqtZpxcrmE2ai1ZdFA8GRR5zZ3w | 1J7RTFan2Ei8j6GAYJAHdALLV2ehCxhaqB | 1JdrSh1tLtmGk1xvgxFvqQ9nSKB6rRx1Jx | 1GZMqEXyEeiMzXPeuBFvByE41QsZVj7izB | 1M2n9fndkSyiin9gdJmkSjB4DXeUfuwg8t | 1FGWabQ57LjsHEFCp8zbqsEsutA41vu26z | 19gfp71LsagPP84hbVMtJQ6WYGe9mK2Frf | 1CuA4JUmG7vFQGQ88MpWQp3KP2gTDR8W8J | 1NS52UY7yysHoLTtKzJFNtUYeTUQmYyRmb | 1Lnn5eFNxd4FzedYvkim7tzxdxzxeQHh3i | 1C6e6s7sa6AggFCLW9ckMLf2avXUq6N8Bm | 19GT2sFAedRqut14evrkHB9MSdv9qcMWHJ | 1C34asYLJLLPiqEFyExwiJJH84LHU4fcPf | 1LaMGvncM6hbkFHNqd4gTsBvseDYi9zt4P | 16W5uZ7TWPYCP4CAkdHoFbSS6TQxGpXVwo | 1BPXaJvEDyaz5QvDC1Qh6gCet7rYKDDaKV | 1CBmwi1hiMgWHUwJX8jqnhvd1eysREk5pc | 13Dxrxt1xwde4wtnaySThRkJwmtG3oyWdZ | 1GzNAJ6eR2dZZA8SZXHBJ87vQyiiNyrkA | 1DBygnubCNfpbGr6voNXTuevEpeXPvbMtQ | 1Jrh3cTVuCrJM8CAZSA4jSGJJbLHbPZ12Y | 1AsDxFgRpdUFMSVWspbQtXFHw7Mdtio3DZ | 1GqZmRTXeikyBsVrNPKEezGvw6Qj7GNyLQ | 1Fv5ARDcFCsSFd95MqhWcG9XH8ggw8oqcY | 14LGxMFCndNSjCKhpJM962SwRJRoiaKjnV | 1Nnee4cMARpyTqQWb5cvMnZiYctSiGtrhE | 1Cowvxmn27LLgp9HBVKLunNw42N7iJ1FNW | 1EQkdy98MqosmjQUXForendtPjXXpeXdt | 1Gs7DTu1XVFg2bDbsNDbTxjJmo5zrEmo8z | 1GGKewYjCHSSmCiNmZFU25MyxcueqBg9vH | 14FRHs7PuRDn4fqiqQVsjc15b5be5JM6bd | 1Ki63P5Kma1aeU2JJe1LkGdj7Zcuv22Cib | 17teLZFdwn5xXewCMVZQ8jqgHRiHdRw4P2 | 1NnxhgPM36kdesDRraUZfjfKQQj25aWkYt | 1DSbs4xKZCFU9uyg9823a1UgKtc4GeGBLV | 1F5PN7JQPYztnRxersXE1FrHZ1Djim9Ls2 | 17gsWVyjg21NL9cqg51d3Mqn8MXLyHp7Ew | 1C664rViwv96KZMscAHfap3Bbw1FHXSmsu | 1B62RTcWUiTxXbhcxqLX5on7RG9PuFai9K | 1NdXApBoM5uWZWpFVy3zG6Lw9devXR84tg | 1Bs9higG5GoUu5YvXdtFQVvvzShTm7hW44 | 1BxRADkSCurcA27yWHzP894YiYvTFCWKG1 | 1FBoifwS6LYktjiBQwWKyJT5xTnMrgndAr | 1HYqm7YTnKy9TYqhoH9WAL5bpbjkNYnTpD | 16XsZdShkSGjUTbN6sz8CGjtPCUYGRVUQm | 1H2z64UaWYWgjG1gJ3siNCePTkKY7ufs5M | 12surn8qCAnJch7rWCizcsXb16ZmizApb1 | 1ENPN6cAd1h6K3274MGbFERveNkNUHXoqj | 13Awhwi2cUHik2d3V8XTGmiEQYnSiC2UZp | 16LNfRCnUM3FVEDE6PAYugVUguXHavzFds | 1KfTfoRCEQqYkibxRHrNns38MDVhxsXVe | 141W9DLu3kDL9pT4d38rVJ29AtmCCknajJ | 17HsBZMmV8uiiRbTnxKEumgAEprXfU39ce | 15k4ZQM7U2cugCCiJaQuk9HNaMeb9z5wWv | 1LaeTHtiZxqWgjjWKnP7khpJsTmakdQtcs | 1K3DSNBEu4CoegNN8tT7sK67HMU1dgxWf7 | 1NswKxyLLWVtQRFQuXPDYsJHSSMwgKuFnL | 1JVwANJidEqmB4iAqtYH7SyQ4abNnHEPNE | 1EJ4wBREZr7PGaGoAZw286MECNT2nrrRUJ | 1KyShtSQoz3mYqK4Q4ZgQXDV9ediTnuTSw | 16CQLDBsSq3qjpuC62xAm5kQ1q6Af8GigF | 1Dys7agGvUc7b9pwqVzxCuMF2rNgAsFcRc | 1Q3QHCur5tDKCvaeqBU7efYcDUdXRcCdsp | 1CCfD4NXxQgg6yti8WaetfsTQ73UY6fbRu | 17drvNZmpQf5FRevNmSJpkKodyyoeHSBFa | 154QYj6cyDfykdz5uTqeeRaEnSunSL3jpB | 1MEkxYNgaF9LVtjuzF6Ao66sxCeMkxUc7F | 1ECrqrXtcMTnXh1HdTkAXE8N438mUjanQ4 | 1KiyajYmPK3wP67WUkYmwPiZSc6a1epXif | 1FGh2irrjaNFJKzwHD9Fy8bt7FAKmc2KtU | 1D3ECjPHAg9pyTJ9W2ZsruY6myjNEKGFg6 | 1KhyFAnVz8A4QzTaXWe9XpwURRyXcviyCz | 13rFgBFgPqHLi6vu9z9nK4cDR2WbveSFAR | 16ynWMP5prDKap9TFim9QAqW3WyBjNhBik | 1Fypep9SsBR6aHQMtcVGypTQnuGoJURhXQ | 1BTEPw9DQsi2SkoNHGe6sUx4c4E4Vw5Yzb | 1MkiXKTsF1Scu8AnJP73UKiQ9iRdeFruP4 | 1BGdfobZaMDc7qfPvBN33U8JhByZUcAFvH | 157iKV2toGHogb21d3ucBbtysCPuS1PPQ4 | 1Ykq5Gym3qLnSartQ5Gj7xKyz1sQZVNPS | 17RESezNArJYSRxghQzKAU8tMBoNszDU2B | 141rXaKWW9u5b5gu9nvtxypRYeFcU2G77c | 1L4RDBG8CcUHMX7D9jxomeerzRosRSCmzz | 1AQEmTdyi7V38cKwcRaK5PqwkAtd3VEm4u | 14C9fPPJQYnqEnFcszaZTNaBHVMFryfrh2 | 1GSYxLKN9jFqsH7wfXgHN92zvSVM5pCQki | 1VttfWeoq7DcL31vq321A3dBuYHwaYrXV | 1FctxcyqG9RwB3UBuBDjxLqHSN7vWuxtYC | 1Q3Fh2bSztyoSYkqoa9nx2rmbKTDsaPnUQ | 1PoRq7M2jvGbyhbULvLitoTvHFhWYyWqjQ | 1H66WwrfvZaxiMXZ8RK6eUUg6Re6TqB1Yw | 1NgQV4kcK5fRUEfq1WdLrymzQdE3AQXjwf | 17PEsaPYeZrfAunPBEXm2kTBjNzNHRhSsM | 1LucWyQiTWKzMMPETRDEWrhMJSAUDwJtA4 | 1KAQ1vdrnqAftS7KChUhWas35YxdwUpkBa | 1Hzip1cSBjNXcbS9eKYSjoRpAAXL2E1yps
25552,2009-10-21 22:47:23.000000 UTC,b76d8d9fe2082040018456b13825cd835cc703f870528b45cf0d36dc6a268961,18,1,899.76,899.76,0,899.76000000,12higDjoCCNXSA95xZMWUdPvXNmkAduhWv,1LF9FejcmZf2PozqS2otxa81o6pbSEosRx | 1H2Ewi6bCVgMmTmb477RSfuPGNz5cbhNE6 | 14TfSqTWUY3wK1XLy4gSR36eaQE1aPN4L8 | 18NGt9kkpfiL3Ds6cZrhDiG2Un1DN9pUGm | 1Hj1CNRWRwhCKRu6gpFbARRyS8C2RmMB2Y | 16maNceDVEUjfLFaT6KLUFhiK9TUaThXo9 | 1JgCcUZ67vZtVyBpzDgRGypSLdzitWzSKb | 1PyDQMr6gh4DeDUoGTDvjmEaTS48d81uJ7 | 1Ce1QjVfy9tbePXkMieMi7yXbSevGZyyx2 | 1GKJFdmEfY5oCrmAXBUE3kX8wVXj3LY4sK | 178k6f5vFwuTG8kY8F7QBESsto4mCS8YKj | 1KzZ4CGrJKGAkoCAmzi6EXYvH1L16RhRGr | 1LFq1GELj64eu6RePA5wNSZpu3tzZYTjx2 | 1M3pfXsY9EzgfkCAZA14iJKTUW26bc8ATJ | 1yMgfvNUm3DgaUC16QFpjPdbXq4jsTBRt | 13xM4JCUykWPkUeZXs3YMewWaR39Lbucjo | 1NmyFC2Q147iiHa6RKgLjzwV3TV7C2V2Xf | 16VkpmfxEWKxgFsCbGmLKRLD8ARrAXnr3g
25618,2009-10-22 15:40:54.000000 UTC,1aae9d58e8826aa65ce985061a78642ec2d920e8a8bb1679aae35f7d496d25b4,40,1,11950,11950,0,11950.00000000,1CVcFuyFWEwBYVxgCCGWcAtQFKzVXzhZ5H,18N827EPCphHnjJWqH9jHwvk2Gd6dMi9Ue | 1KADa2uje1uE1A1ts2a6ChmcuvF1KfHxif | 1NFj25z9fnjqLQr4dYszg7KkXnm3E7Srxp | 12e9nthDxD8JmcU9cwnq3VLSqZ3pdHGwp3 | 17ZN1PzbWTVp7dLLxxVAyN7snZvAfaDwpW | 18xEwiDPUVSw9ZxZEXuc553V5765z95EMg | 1DsxDbRQJe6giELgMksZFAUscSvNDuhTFf | 13GcNABrXdv7F4YVuuzHsmwxeR63m9djkx | 1KL93APm8PreJfYsxg5yw8HEqdPhYA2jdQ | 12JnntE8PAuqo2odFjNedDaHaTpy7ejvkT | 1HjQhLzvSwCknfFQxez6m9syWvWgH9RRRL | 1AqQb8Jhk4KoxcCfyQ3ZwZx7e5cPycZnFi | 14noyZf6Zq3RyQAiNtQJgEvHWhY3v2qhze | 1FLhweCM3rjwLtwK2wzzpxvip6yje5Lvky | 1H5QBaUMn2YHHoV4fhN9KyXgVQWvoYp8Se | 16xEvNsf2qyAKz3b9pGQQ7W1tYyM2cDH9h | 125b5eTcFXoYeVWJYAUAMEEzJCKkjFgdHt | 1Ao17sHJHPuBPHDKVouur9ddrfbVCsN7F | 1FFZZmAqWRiDpywytktZ7qQTXSvQh44exB | 1EH1z18GrUwv4B2P13Hd76ujsFRsEro7nc | 18GfJYd58atiQ284tip1g17yK8LZnovNQr | 1Hij5oRpr9BDgvaprjwDRC9PtNH6sg9EbR | 186XrTPR4j7Pe4Uxmd6XHqg37VVP3gDKLx | 1ER2KKhQH2EYjDHAjc3z1Bzmi8iRUhFx4s | 1PsaUrA4ntUaJeVDWEKMpGbXEVfkiy7tNM | 1DocrMYJV9QXXFMqYcq6wBcHgyaMon8mTq | 1CjBKeMqr4C3Pb4cCHZmZFUVn4T8Es3ECS | 1FFZZmAqWRiDpywytktZ7qQTXSvQh44exB | 17VLD8NSFKamSC51ae5VznK9RXJ6JG1mnY | 14oicsUnLSVnrceRcDJE9JhFynSjY7jc7X | 1KVEpWyMLddyUA2yeQkDgudNba6jDdCmou | 17EAww12qnpE5Bqnpq4RQ6UkpKPrdU9o2P | 13DKrGRQ1m4w8f3EonU8ya5qRUZgGowMG4 | 1P5yFZYvrdayEnaccmESCAdGZxdtyaiBVN | 1FfzaexaZEy82USb9pwTk6LzJSPcPqRCaS | 1BFbZEtUCqYc8kL5Bvrwr4YELmpAnBhCAw | 1NH9Stmjjb9zBsx7sEbC5pPQvKbrUA4h9U | 1CwGbs415kRbGFkuLLGLfJHvSd3CLhxLp5 | 1E8zqfUVgHfBt7Fy6vu8zc6KejvBtQVCjn | 14zpToxvVncMKXW2QiDFskMVRawEvJbiwN
25788,2009-10-24 20:23:33.000000 UTC,5d79327054118bfc51475b82319d11e041e23b581d36a4ff47302b95380a735e,7,1,12250,12250,0,12250.00000000,1EYCnxndxG9wFnumCtokreTbxv5YztUx36,1EVjp8AaVJb48t6NtWHYfKhLc98EL1ATSQ | 1EFFnS2Gaz6oCC7VFjBBgtyeQ42Y2gG9X6 | 1LXFCTN1AcrDXvaMn2LJiDZKJjzmZ97UA6 | 17oZ7UPxP54RZhiDwYGUubKvcS6zzn5r1K | 1AMLhoE1TqqT1snDxwN7afAaMojs1AtFCE | 1CPSNv5yiHj4RodGTvod97CkN6JpKnLXRN | 1CVcFuyFWEwBYVxgCCGWcAtQFKzVXzhZ5H
25969,2009-10-27 11:44:30.000000 UTC,3cd9410fc4642ce3e4591f5f5600965bf5b104c81160d204afb2d9169c5b4ce8,16,1,13000,13000,0,13000.00000000,1GEPiKRPBVx1nzd6TKJ6svQ2hxooFUuw3A,15mPETEqqoAMHJuq7vwprUXS24hd6qotii | 1DmrRCZ9GXQcEZon4UNfcHCxfCk9KjJnnB | 14ikvYFBvQmmJSUV1SjaPi9SBRAxu7cVaz | 1CSLGf7KUWcXjnjejJWszzhBLjHGnqF4m3 | 1G5SonfpNUXpmJkikiExM9FhT6EYz7QXsn | 1KCxD9xx6fvPoisnyybY7akRT7xvmoE1of | 1EYCnxndxG9wFnumCtokreTbxv5YztUx36 | 12RL4JzNiBbcopfeGeK16AyY12DAdiFw5R | 1B4GsNkMxqmodn2kVESsDqHaVWNacid7H1 | 17UmwPqwHene9YBMdsNVo65VUiyaawvqPy | 148nDNGJtyE1BHXLdnT3bscCufrjzXosFm | 19KWo5Uy98ckXh7pGgsRKv1X8sgg9SNpXg | 1M22BSHLerYLng7kaNy6cqz2PHDXV8mXzh | 1JyFJUYPvs29USi63yfSW8bVgyY3AJELFy | 16oGHwdDaqLFrUoUbaDxNBCbdm6JD9pH5e | 1HewkTaedDST913wydpVHam1L5c5arY3np
26079,2009-10-29 02:41:32.000000 UTC,03ebe95eb46ad1768f322516153779eb1fbae4b23fb2a88ee59a7b472e11cb33,10,1,500,500,0,500.00000000,1GEPiKRPBVx1nzd6TKJ6svQ2hxooFUuw3A,1Niv86TRdRgQpZXrUJdK59wejAoT8PkCvD | 18AsdJifA1vHJNZ61QWULof94uVWgQ1wAs | 1FyzdwY25c25qgcDhHJsk4FW1y3h11ppKN | 1Lyfi8NZ2zec2sCmvHwJknnNiaemJ5Sr9C | 1EBkmJfGk3GPUQCoyBRic4D8vZXtMqhMW8 | 1DouruvFY5cpZQYf1Sfpk5TwqGCtBcrTie | 13gfxB8jJFnS36RDERTP2q2MyNRsi4xbYB | 1JBjdNE165Fskkop4QuDLhpYoo2XBnv5Li | 14htVTmM1Geu2zSXG51vgoDDiUaqfdTYBT | 19xT97L9zHpFc7DZ2CdMcjKj6wCM9LiUZF
26112,2009-10-29 22:19:15.000000 UTC,28c0959d3b71fda237462e0bacd9c77e079d9557d8ed4d2b7e92c435dd42730d,31,1,1550,1550,0,1550.00000000,12higDjoCCNXSA95xZMWUdPvXNmkAduhWv,16BykgDP8D5vYvtsfojFh7QzrjNfE8CMhL | 13SYfRZpvxQSXz6Zn1p6Y7isN9Z3eCBkZW | 1GAqRYUdZEfUiugM4V3KSk5N1tsVm4dKVt | 1J7qbWvrj4QBVqKngy9r3hTV7PPAcaDuso | 17mFXdn6chSvCK3TcZ7iKqrEGMC1jhwqDW | 13mgomGyue9Jqj43mjPiK16dknrydcsxcH | 1KFByPNCRJ3cQtvFvPtQBF3WBihCSqoWvi | 1BxDNyPWMuzF8wFsfmTaZp9yiFEqPZqoex | 17HyQmNvdtmX9ZYUvEbea2ZrSVkQEnQN1R | 14nfeCLet5o4w8Ee88p8b1Xjz98fbVWh5k | 19rzR7t8gC8YtP7TigezSjUeUFrdjEPuHV | 1HAyWcNwLVHGAgkHurz5zPWAwmnHgBY2qn | 1FB1ERNmxg3rxLprSZ6Uma4JHzNaquJ3WK | 12KX2JJtwRHtGmeE2JEYrWZ1saSDiBweez | 1JX6es4Tsq3Ypf5hnf9AY7UWJxBTWsZfdE | 1QF7icHMaExrbASoFoKT1w2pAgKtfgy81Z | 1BZ8YCkwHsaaxqnywpQCw2jW2MsUK8KyTj | 1EizH5z41jL5pcDfzZecGPHqd4JwxoJV9E | 1QBhegFwnj3rFmkVC5WcWJmEP9zbbSr7a | 14RhEfXzo8sPdSi9Lux5HDZVCK862nAj7U | 13JF9bNVMDnqHHn4n9nioVdSs51cjxGiJw | 1PvbcmrbBPVyHXdwWBcie7xJNJpzCgQWbi | 1LweceYJVrv58m7k32QwRdozoZc4Bk7JRs | 1DztP1NJTrojNqvTSWrvLUgQKVR8HEy2jY | 18SQcsEqCMaSjCtgyTWXfKraD4Psng3Y6u | 1NmTbBuxa7wn6waXNB7vhEvdNRQXKj3ARC | 1QFPow6BnW7Zdcv8Bq4KXGP8KQCiDMZoCL | 1FvEzcwiUwvkuPvGKTWknhLhnQCKKSChVx | 1G29t39c4MufawYotzo7hW61wkhCQg1L6N | 13jKhknBGRCH3ThZLQxouNsxueMW5yeUCP | 1MeLmpbikoagHspccNKQm4A6GsKyNE5iyK
26402,2009-11-04 22:02:42.000000 UTC,6029e51c4706c8b12bfdc9bab2311cc99d7fd5ccca3701bff4af2935c4a89215,42,1,15500,15500,0,15500.00000000,1EMPhwUXHGURtSdt5zidbV3zPKruDTKYX9,1QJrhTmiL662B3cBTZCiT1resjxTVhJ1VL | 13uKXTGE8nYk4PDoKk1NAMtcARNQ2jovca | 1HfZZeGpksm2GxxJfyRg2R4dCfbszeKaJM | 1K3BP4bqbEHkZmAHxY5zcvtAA5r6HJ1fqZ | 1JaJY13SUDDNjTNkkdLZAkFtbKzHx8iWMg | 1HsqeuPoZN3EU3B8Qab9p6dFZTcwVRKCAK | 1NQJKK546UuvUrC2mCQPFGi8XDVqqH5vxW | 1VNDmTaurLSTr3h8LzVzGJtx6JcuvsFsq | 1Ls3GV9MXFWFV53gPt8BoZyHTmZ28WsTVg | 1BuT9PJBUEGnHGJsc7RATfqAp1LzQnWLzh | 1GEPiKRPBVx1nzd6TKJ6svQ2hxooFUuw3A | 1F649fkVKkJS5ir5YhKPPqZyaS8Z5TMuCA | 1D1mrD2cwZ2fpgn9wzDLWSdTdJJ49xcB8Z | 1NbNnbK9V1we62vWhXDZygst6h7GwpJK5v | 1Py3J7dwSuRSM3PF8ChCjtcpcVzUsE82DM | 1FZ5LmxaU3rZ4H1VwR4ntHDPASu6bkRmLn | 13TnPn4VM9EHrEVDFKhkUMtm2C8XUKaogs | 1CCCQXUFu5NfHr8iwd53oZo6EMkLYorWC9 | 1PpAY52kp8ZsjnGsckrcTZmxFpB1yq3ATK | 1AzmDF7fNiJWHz9mR4f8VKpq9svrfB8o36 | 1kcjLzbRSX4MxxUXGHkxvpR12WucScnrY | 19tWaeiABBkuiAPoM1XMQPT3wXjd3Lb6S3 | 14o6AvbBN4G1MNygfijvFwaC4kVp3ujYbk | 1JXoqxec791RPnK7hPXiwo5uPsqdv7zRWc | 1FmN7UYa5CDf9WGozmjqQWCjAcdN7ZTGtd | 17Y3KBCvFUfL9zAfghEHDDWhJCQSCSBzzj | 1K4dvhRk1KaJZQD3wWEGewuabZYbTW65BE | 1MLFcr3z9FZbQzUdvHmaAjzfqxrKcEn3eK | 17ByL9BQhVYEgygghCEWJVfcyGb7Swc6rJ | 15JQAXENYNEzaWDhFMoP4PPtjaRKHVBzTR | 15oiTLJ5jLGqDwjeXRSzeNFmacmqppe674 | 1LZZEYQGCDANQ9uWCBybiaSR53V4ZMpeZR | 1AkEs5r8TdPfepQbyyTdhrkJRBQzpwZfwM | 1EkPGrQTWwMPRVzBnyia91M1uCLD2MGfT2 | 1MoGQQT14NFf384kzXUUQ8RJca8YmVNNtZ | 1L3aXx9XaT35x3hQrkiYdCjbuA2ru1TtQU | 1DnzZpHwWhwbckGB2YhrHoxx95JvvgRNX7 | 1Pb5hpum6aJJbE12LoWEVbqaEZpUE1JAxZ | 1GEPiKRPBVx1nzd6TKJ6svQ2hxooFUuw3A | 1NhP5wpb16JqL74wQYeKXUNLbVvvCYRWBv | 1MehRcp8RVPe72QmVQjSvSmonTtj5MnpZs | 1Kfs7uSFRQThXFL6ZP1PzxkrWiU3evwTZq
26814,2009-11-11 01:26:23.000000 UTC,1043eb5c8b85764358f21127ed51de772db594222d650be07b45f3a9c68bdc78,1,2,15500,15500,0,1000.00000000 | 14500.00000000,1CfoGajDKynwB1JpaWq2tML4DDsP8VnuPy | 1EMPhwUXHGURtSdt5zidbV3zPKruDTKYX9,1EMPhwUXHGURtSdt5zidbV3zPKruDTKYX9
26814,2009-11-11 01:26:23.000000 UTC,9a12dc4ca6c7868e7320e6b916dc52046d148775c939481805bf3e063ac71f72,20,1,1000,1000,0,1000.00000000,1CfoGajDKynwB1JpaWq2tML4DDsP8VnuPy,13mdztM1yScW7hRr1PFthRqhAj1vggtNA5 | 14i5M3rsMzxa5J9e3Tw2u7NJeYob9HbKxi | 12FwcjQQpsrzybkWaTDMCEVK867N2vv9ee | 1928hRndTZf21FGJkiWeoxdDmGhWsonNQo | 1KGxBEvHX8H3g8L1nC4v8jZS1P1uUVRHws | 1NrSChMurmPrBubWZp4qskDThyd9ouCNhh | 1Q3DjdHtuNgicQhb8DSP2JBkFgnrpRPmuQ | 1Nsvr83G41hTLcY3uN2q5Habk82s7ppPLH | 1CCe5KdejVcEs12KJxsATmGtdL46oDgqvF | 19mJT5ktQuGKi9csXfy5gUtjRfMzQ9dCbo | 191vtVLpwAvPgbTBzhjBEcgCQwDeK7Rinw | 19PyTEgiukD3fMoEQr4xXVS52KEHa7Vwoi | 1KNTcDtJ7qM5AJQX9ySogYWt6nCZxU2a6L | 1M45oQ4oP5TDLfnkJD2sXaqVr4yzCWwRjH | 1NxTsQL4A4q8HVy8sQjDJHfU4gS8Q68Wo1 | 1Li9EZ389txqz5GvaKDf5kZJbNefKAcy35 | 1BwZAsoYGKEjzuYQYSo2X6buNaAm6NtCrW | 1PLysA1ayT3EKXwwEuo3D3bW3FNZfQEyNn | 1PJ4agsLM1EMJHDfo1RcCpti8tfPkjaHhC | 14mN5rXMitYx4JccZ28fELpdpFrNY3PXCR
26815,2009-11-11 01:28:38.000000 UTC,6b85ad8bd569e29a4587a8f15ce22ef3e0372da2d1f9b160dabdaa50e9981c25,20,1,1000,1000,0,1000.00000000,1CfoGajDKynwB1JpaWq2tML4DDsP8VnuPy,1GTHYDdwkAagZwUyHP8Y77CdpehfABTGFi | 1HT2V9hbic7hAJ3XcGfiKHYeSTHodYn9Tn | 1Nc5PNy2awiEMPQPfsiT8L4TCNZ2998XhH | 12LfVxnL57YN7Mn8ke7NiYCPFfCFAzNhib | 1BiyDPbbaEx5qWg5uMxCuQU7wWDDAPdc2r | 1NeCRXXvWVkR9AKwwf3ErUhb7MTnZ51wz7 | 1BynoYYwF44y9NunMZ6kBGiJrbLtb3nWeo | 1DPznyRwcS9fCxm3ETtAMsJ5UsPCBEdbrD | 1Df2znQiKAzJEc1veTj2GX8kptwQ7XJatQ | 13d2fNJAu7NLquBxDNNzEJRce3yjxp2jPa | 15fxTbDx3PD9Ln7r4eg3LaFGBRGZrrdmLg | 1KkXZUvMBq6nCLLEoFq1u9dWH2XPRtREi | 13ztRXnH6CcGFNc4VuXmYsLwcMviBCdENJ | 1FrG4NULD2cFVTXVTt93DZYZWWHnZszCWT | 1796hfJMctWCsWH6au3KSpUevKctK6j9R6 | 14NgCeZTAKYxBnZ6CEVGF1cHtc5S7CyjRR | 14yW5cYV9L193spfKJNeNiRufJmEbz8FA7 | 1B9GG2xT5hYJ6avKddWK3ZNE7C3Gxr76CM | 1APgNzTWSLY134Jhm5f93zB82DtekWydHx | 1P5rP4VMTWKfqdifhxk2Lry52xpqfbNutm
26816,2009-11-11 01:42:08.000000 UTC,0b8f2d77c16afaa08435d71cd31467e62011cc39fe1d1318959bc74f1ad5b064,1,2,11500,11500,0,1000.00000000 | 10500.00000000,1CfoGajDKynwB1JpaWq2tML4DDsP8VnuPy | 1EMPhwUXHGURtSdt5zidbV3zPKruDTKYX9,1EMPhwUXHGURtSdt5zidbV3zPKruDTKYX9
26816,2009-11-11 01:42:08.000000 UTC,a40d0843b9868a26792e952851a082442eace99f2c384f0ed6ca991612fd2f60,1,2,12500,12500,0,1000.00000000 | 11500.00000000,1CfoGajDKynwB1JpaWq2tML4DDsP8VnuPy | 1EMPhwUXHGURtSdt5zidbV3zPKruDTKYX9,1EMPhwUXHGURtSdt5zidbV3zPKruDTKYX9
26816,2009-11-11 01:42:08.000000 UTC,b34d15d7b7e6c2a4333fe13f354de1d715b7d8d00ec86b4cf0f8d24bfa71a2e1,1,2,13500,13500,0,1000.00000000 | 12500.00000000,1CfoGajDKynwB1JpaWq2tML4DDsP8VnuPy | 1EMPhwUXHGURtSdt5zidbV3zPKruDTKYX9,1EMPhwUXHGURtSdt5zidbV3zPKruDTKYX9
26816,2009-11-11 01:42:08.000000 UTC,c6dbae4c8ca97a746030b390441cdfc750218a20b07d29b56f07b157cdc0bbd3,1,2,14500,14500,0,1000.00000000 | 13500.00000000,1CfoGajDKynwB1JpaWq2tML4DDsP8VnuPy | 1EMPhwUXHGURtSdt5zidbV3zPKruDTKYX9,1EMPhwUXHGURtSdt5zidbV3zPKruDTKYX9
26817,2009-11-11 02:03:14.000000 UTC,214f42239036b95ba5dd94f9969b4b4eb8485de51a458fe76cabe95b510b4468,1,2,10500,10500,0,1000.00000000 | 9500.00000000,1CfoGajDKynwB1JpaWq2tML4DDsP8VnuPy | 1EMPhwUXHGURtSdt5zidbV3zPKruDTKYX9,1EMPhwUXHGURtSdt5zidbV3zPKruDTKYX9
26817,2009-11-11 02:03:14.000000 UTC,e67c7cef9c59167046bee99a961a4ca75137c5ed4b697b30dc6e752ff1d50ecc,11,1,10000,10000,0,10000.00000000,1CfoGajDKynwB1JpaWq2tML4DDsP8VnuPy,1KD3k354HAUn8wbeN2tm63N9Wf46ifnFMR | 1PvXGgon1PiDb1MzAR1fgkR6ipCZKpgydr | 15oNxw6BsqT6NshKVNR4se8sNaGNJ4yg6o | 13WqcY2dtm62HLvYzH5hoD4B1pyutMv9yg | 15BE959qBVEzS6vG5XHqrchoHVQjJEHvju | 1KEGdq5cxqyV8eKPiwcnqWjgekKeY6dC5o | 1H9ktJNZxdk8zkc7xKrMRW8yAoKNDdPpsG | 1JDYt78Yf9FGKCaS6PEuNQNJ1LGTYaFdEu | 1BEQHAi47UQYj6gH9jap6vkKrEZp7Jt8cL | 17YEwAzEdYDzR466XRMjbYR6xVVv1Ey8kF | 1EMPhwUXHGURtSdt5zidbV3zPKruDTKYX9
26941,2009-11-13 00:49:39.000000 UTC,01d4ca1bc310d225db9da4ebddaf31713ec8b1fb6a287eec56416911275ef68a,1,2,50,50,0,20.00000000 | 30.00000000,1MpPCJWtTTPnjLEBUor6s1N5XHYTiJGJYu | 1FtivRRnRhBguHhV68aG25qWYP9opNp7Fu,1FtivRRnRhBguHhV68aG25qWYP9opNp7Fu
26943,2009-11-13 01:10:06.000000 UTC,6d3bd5104e1b23217ecaae4e5b1168ee1933b24250d23d741b42910d534af546,2,2,50,50,0,20.00000000 | 30.00000000,1MpPCJWtTTPnjLEBUor6s1N5XHYTiJGJYu | 1MpPCJWtTTPnjLEBUor6s1N5XHYTiJGJYu,1MpPCJWtTTPnjLEBUor6s1N5XHYTiJGJYu | 1FtivRRnRhBguHhV68aG25qWYP9opNp7Fu
26946,2009-11-13 03:07:35.000000 UTC,da68e3c8be72c67502cb7245119fcddc540f9dadeb16bc1021fb57a329eab8bb,10,1,500,500,0,500.00000000,1CfoGajDKynwB1JpaWq2tML4DDsP8VnuPy,17QD6js9W3kJsDet8kq3VnSABVPKcjcLSo | 1MLK9Fj7T1AAhSQMh8uYYLP3LbuoyFwQM9 | 1FtfyjXaSGe7xXNKNpxR2XdQ67UbmiLzbQ | 1EgKuGT5yTpboiKiDr1xSTBVVt1AxkAWdh | 18H6TqfS62o2VdmDJVUedhrd9Yeo3CwkTC | 1NAwnaBGbgtboBicomjALbhUxPHKp9ncD3 | 15npzGkahdXdGtEGRqTvvRZ333fCMehVCv | 16kdvAhemQcddn8BEtFezxTSxMsiiaqLvN | 12HrxNq8BeGR4BSnEYc8HubvgzS3WaKuWM | 16CiWm6sCsqUu9XNy9aGUUjP7WcbnJsnie
27525,2009-11-19 20:38:17.000000 UTC,f2e5fdd316163507300b815797b6a4c0247a3053ae760a091c20779ba9999a65,77,1,21850,21850,0,21850.00000000,1JLfihhPwyJPktLmbrDr3uD8wrfhK5LiJ5,19q6z5y9azBhy4ksbnyJK8mNq9vbHovjcE | 121ns9vs72Z7jBrx8mc8DopZsYSFYYFbVe | 12DuycwAcy33iN1L1EocQSGoHWn5G57df8 | 1MDUq1GKfEiUMLCEc2bczGmTt4p39nYZvD | 114xLfEfBv1GCBhmXgu6mGNPjaKaD7KahT | 1Gfu3EapxN3DUWxDaxN3U9xSyumeBxWNhC | 1FHmdwdJVKFVXmniwKd2mC7oE8sH3eEwkT | 1GVfyag4CC1w1XPVPRUyo8Wh8jT4FHnca1 | 1CfoGajDKynwB1JpaWq2tML4DDsP8VnuPy | 19tDYDecSXMeUEfM6BEvbjt21GkyA6h9v | 18gLPMRjrzBWsVjEJpgzWE1LwpwUHKpMWC | 1P3K67HfWBtDCqrkciqnt6ajRXVRH7tnnT | 17RFcZXsight2vzncFHuppq93GqriHSvkn | 12hEtKVSqH1sBgPM49CeKz8z83TsY7RAKW | 1HASXrZyMKNqWjHNBBfuPr9swnkqGLNKKp | 1EiTi6ULTyV7bWpfdaXwhyi7t6Cw4b5oQC | 1NHRBtUBxzN6NvLt93yPGTnbLSz9kXxuPm | 1boHAQgvCSaZMBAWKxPuVhQQ5ndWaAxwM | 15hwC9fXd9x48ZTLMB3fQQ6U75j96oyv9L | 13KjKaop2TbUhaRbRZ8BRq9m7djcp8VnPG | 1PRZyk8DVbYZkEsvvwyxP5JPESMFdHVyGq | 1NBx9CMN4NZRk6oVALcdzcZxriEhyQG4Qn | 1HEVBLtaUnBmqcB9cRhVVajZGApnh9sjvg | 19h7wT9dYFtj9796LFyYvnNiA8aKQGBq3e | 1KVG4crKcFYWVizC1kFDZwMcMu8S5mPv6Y | 1LUEf5iVGGVWunR17hPXmPJ6RoLsuebdQr | 1NE3zfnBD2mXEDL85PLKN19kUcEztw9j6y | 1P5xaPAeFZzpvo4zEE6i3MU6PmyKq9cu6f | 1CfoGajDKynwB1JpaWq2tML4DDsP8VnuPy | 1CfoGajDKynwB1JpaWq2tML4DDsP8VnuPy | 1CfoGajDKynwB1JpaWq2tML4DDsP8VnuPy | 12xi61dMs9MFYvbyyry2nSN7KLMXNCyRzd | 14Gxf94YwPbMuFMXqiUTQLd3WGLu5iLyyt | 1CicayRcmW93dMfYCEUixUSpCqTcvjvdGX | 1Edzu4XoN1i5J1FSu2qioaQePwF9zLTQbh | 1CfoGajDKynwB1JpaWq2tML4DDsP8VnuPy | 1CfoGajDKynwB1JpaWq2tML4DDsP8VnuPy | 12hGxW5uhBBrJRE7cRuUJd5Da9fa2BSxAC | 16F8A6YYZQJSKyeF9KvYHXCwPudcio7b6J | 1Auc6MdMuUNbJJq15aiG6FufRjEJWUwEcP | 1MMCEnrCtwQZreMrBmhEU5UtuEW39hV6Wn | 1FiAjnr5jRn1CVMmmcYRyh6mcWR85VH6yC | 1FUFGPHdUmwBaAhDG6MdpNZ8qZhUnnrTgp | 14UhhESx29wuEbrmXx1NSvgPnJMcrf9XZe | 1EaCQnEJiPUqL2YKWpSYujfCRa5gECzFR7 | 19dkgFbKTXcgqbbZGmrmyYwZ51bjkWbUEz | 1F44xwkxgyDwKHBEeoEV8TpFGtrHJZoa53 | 1KmsWXgXG4ot3Qx4WaSyy7uASGg2BnJPuY | 1KNg1hph4YWJ57fSRgSWXb6EVh3NUPpQJ4 | 1gzk4dtVd1oFSxA1a2omt9bnygakCe9L4 | 1BNPiQRUJ43kT1ByAdy9ZUXCefRYrJ78BD | 16BB2PzvFU7a886ENW1JCxL9vBvbegJ9me | 1Cm1AHUjJMR3i1jsabnG7ERveEA8j9m9Wn | 1GtTQHttrx59AkUKrpMc7V6fecbt4C3LCX | 12ytkRuDeMgc64NkYrLUGsSztpFgdZYUiy | 1CfoGajDKynwB1JpaWq2tML4DDsP8VnuPy | 1BqWq7mw8RSzJQo39iHU6RmDq5jB59kQcJ | 1AMBaRnSMGDdGFMB2kCiSesQpKzQrYvrvP | 1KZdJchD2JYtNJ8ASqQWoQoW1Ek4zwtULx | 1CtkL1s1nnipsSqPbGTr5tD4d9WtMeqLjs | 18noVN9ER8AQKRtPfytiZYWXixwgEx4tVD | 1CfoGajDKynwB1JpaWq2tML4DDsP8VnuPy | 1BK5TWFqeamktZdThyLC4kfMJPEAcdswU4 | 1139mAoRNCv3fyBteT7D7vY9u8FXQ7rr3x | 139pA1y3Bo2DG2zRR2Sfs3FqYMe2JUJ6ss | 1WysE5eJMwwDRStfuXEtkjfbqiyX43A4R | 1CfoGajDKynwB1JpaWq2tML4DDsP8VnuPy | 1JVGc2UqwzkkuBwRQ2oVWm8aokSXDNBBkb | 1Lj22Q5pv6dEB98yr3rsKuSPewjLt8ZCoG | 1CfoGajDKynwB1JpaWq2tML4DDsP8VnuPy | 12xcA23jnAE2h8JbLaRSf9tKeatJP9Rnpj | 138TPdopX9dcGgUem7b4G93USBTBH85SQx | 1PxcTwYHX7hAdwAineCr8mr1WpXU4m6Hso | 17jnoCWZu8icRgUsZQpZRadGkh7dbb4n3q | 1Nhf7eWNn8xZXTiSR9swjTScQ7TdUtq7C7 | 1Ayrd1XNWAeDuLBBpZHCd58isawxQt3GmB | 1Aqr8QDsjbaxdAopa7WyBjipUAyf4tHVPQ
27528,2009-11-19 21:29:21.000000 UTC,67fc73c770d5001be14f65c95f2f37e04e26c3f8c6a49519d2e63c594ea26756,14,1,22500,22500,0,22500.00000000,1Ff2xcJtfWWiNRCTUuTng6TJQm3g8h61Y2,175tUYrQ9Nk8wyPXc4yZnYTFTjUdLYkmQQ | 1JCkgq1ZjYPiWPJ9FnXnXXz3rvbYbge2Hf | 18GqXztDCDyA19sDtYxjcwkwPiLgBJsQ4S | 14i2wMZioyQ988FU47B1wxzsmimQcH4gXt | 1FL9eerp4vr1Xsis6Lto2GJi9DgAxAk8RW | 18dh5WKWLEPH8mCAqZoTHMSwDkTH67UGch | 1Q3L2vJnckV2A6M8Mdpe1xhALNfVRuXbLt | 1PXSAGPnZcgtoUyfEq8YB68ZEHXb881TNV | 1JNHKyZyL13WWmGne9K8ANnCNgCbVCM8q1 | 14BRNCkC7sNZio1YLgj8FJEm7uj4vbDATe | 14nrMqK7Wti76BtZNzQHdUbk5YW6kgjx41 | 1F43bAUGzPFV3P32GWkBfinm7uU9fmr6qM | 19BKN1Jc2QSdSwMncDKjUp9CBJTfN6kR71 | 1JLfihhPwyJPktLmbrDr3uD8wrfhK5LiJ5
28507,2009-12-01 21:45:59.000000 UTC,442a16294926b83e8ac67727a69ef970f426c2100fb5cc6b596aa239c2a61077,168,2,10050,10049.78,0.22,49.58000000 | 10000.20000000,12C1trq8aSReTba2Nau2z8PG2xSYCqoVXy | 1MxR5zEtu4cq3Sm7AtfpvpLyJwf4f4kJBi,12BUWcJkRXPrLG1yYD5bmQyZ7ymXpYLAFj | 12UaWYqevsahrYtcJgCa9ZLnQqm2faVGNQ | 1KnzvQ2gwLryDHBEiXhFPPFh7k8g8p35p5 | 1Pw2hvKBD2vL5eE7LBfPrKoGz4jQhJuT7m | 1JRP4F4LdbT1r62m14Bob9RAmGdFWnmTfd | 149TzQPjdK5fRSSfxkynZtN25Anhgf4HP3 | 16XES4NSTWwpUdLTbMKJWaP7aLNhNqbuCi | 1Bpi8tSaPJvcv3HvAxsiB143ZYJuNAnRG | 1M3ZVhE6BD5KAtnUFZ1dCpGy42t1KCx1v4 | 17wt4ngKGNtHV5T6HZ5qwCTN8Zux4HXxrL | 1DA1muMXRMT1MXgxqN2eC4LexJX7TiTW5Q | 1NtZ5cJn7tdDTvits86dPXaRYyPB9MtGzw | 1FJ1wYQiQy8fU7bbsoX4Rw7iL7JVMyJa2T | 17wmEohGY86k1H7t6i2JJW5CPN93SbYJH2 | 1LdiiKugfmLwPMDmk6tVgcs9KBW6Xe1Lfd | 18L9jbQpPVcoEuyr3KxAkGXjnaNeE8DoWd | 1MCg5bxdE5g4t5gXYdJfkrwCFTjJsJQLfo | 17AMvGcwsWa7nRMQgRU9fLY73sm79nJ6zs | 16ozFo2cEyRsMGkNkeff43XMmPaVaWNEd7 | 1NoKUQ6gfQDaRvE1ScQf7BJMoybThK1MWm | 1xK8Ze4AySpRuH4Um1FSuNUvWHMPtRhPc | 1AbpnasEpKXpE2AyGa8DKXC1xsTzzxgtY | 1FqR6ZkmF9ksTUCyPEmmSLPxDZYofv4qca | 18H1m4e8E4W9iVRUqQsAc2Hyph1SGmFyXh | 1B4Kiyi49tqvBaxESnREM7MCaQPyFqdEDd | 14NGnBGb89iZNMqJijPDQcq8KFMQ71vmQ5 | 1CStWJ3Txhh3CXNtNZBUyZNL8Bn6htb6gc | 1EYTS9c1HpER8PJXyWMnNaaLU1frGHzBoU | 1MnNtpcHLiNQYnp5ofrjpAuUUcrtreAxdv | 1K6hc9Tfh3GKsqs5etYGUoLhGdNk4cuS71 | 1BL51p6QMTq2GgUJE9ogPCRnjabaBVp8yL | 1DwaMNzvrSCMynDNFScxn8yaXoD533swe3 | 1BHNBPL2CFURuUf9XdxpBVAMwz3YjTdsQA | 1CA42CytgRpqiihPrJSUfTaoBsRWUXqZZ6 | 1BakmFw3nZ7rh7odsrDtDPfPpGqRYH61ir | 1GWjVPPJhJ3yyku4ehCqRmXAgh1y3W1Lvn | 1GysyMAofEXN66QEiwabbX2phGi8QQ9nwr | 114hu4ZCKmEdmge8f7PuRR65v2nqvcH3Z5 | 16kcuu4BYrr1kxoCYXXqdAzUe27KckPB6m | 1NKaeZsW9RmnNiRAaSmEP45zj3JpNANT13 | 1GHUTaGyGMt7uX4ScKjsk8yjiqj7H3rYV8 | 1KvFxEo6WrcsPPRACcqjJCFWTEc9VYak2P | 1GSzgoPj2mihg6ua5CaMFr2zx4f8nFsuex | 1BvcATfd8g3CHFuZGgQvhzibQbyAqEpumW | 1GPKL7WbngcHWMcQYCu7wDwMg1H47ggwY6 | 1865dquGz5RguV8mR5THU1SC7m3rvjQDhu | 18LodZPz9JnfTUjmsAzvo5g13u2DsyQ16D | 13fbN7RSckzsYd6kVcfHUfknMdcvSpKDVv | 1Fu2mwQcFPxJzAZbV41AXyFVGSwVcftLa6 | 1CGbz2aSCUL6oB8UCQbnLLnk47VzryB4jt | 1JVk2YGuZYB6vPBYKoEVksqmWZjTpqHrAC | 1MNPeULmMZ7ZEFGZPmKAKnJCCk3UEaeA7J | 1AM1Y8CV7xe8KUuaMsNRraEFHNP3XJjf8s | 14hk1AfZb4grBDfL7oAHhD8vFLysxp3Vid | 1BE4dwihj3VzqpASXXtSTxYs5RSz9PAEiV | 1LrB4g61KJCaj4pX8qRw88D7tHyztWaRqG | 18aMLmZnH5f9fodVDep3GRUTKSQqY86CR5 | 1J9PkUnbkHqPJtEHyasod2fwXBhZY9zEB4 | 1Q8ZaMC3JjtR2Pce5ZDVq8MpNQrM8cQ5Xi | 1A5P7E6UymV9cwFTT9fZMNGTAgAgspKbE1 | 1PrL98XT2hzP7AeuyRsVY4X6CFVLCfhuSp | 1FDGAmWD9uX4W5ese85BPHG9WRpPrMeMZf | 15yBiar6rWqHzzbNoCgaFt7tqofDTuE2Mf | 1EUh4NEckxPEe1X4ZngzSD3sJanwo5tDbZ | 1Pe5drpbbYhj6a73wNPu9MBUFD5xM4AgYv | 14e7V2NXDRZNhfrrxJWKNjhKCM7xMEJ7kC | 1F4Rq8sa9PcuwyL2pkfwYJmWnBGvMWUKDM | 1yrM9GEj6FDoFC9gaZ6Awp2cErXTiF7Yr | 1PqaGLdnMRudDDMUuoRG3Uww7oNNTE7Sgf | 1L1PLtDDdUvhB59bKQ9q4mtawwSvtgWGC8 | 1s4HD1mNtZq3dTj9uSvEBXoYsnekBfeYq | 15SttVxkWQQ1e4QEL8YRibhvuV9qvtF4hY | 1NAauy83Upy9yYv5zjcjk4hwPRJWnzvX52 | 1LXAbuvBjNm3Sd52ABoFGQhJzTtNHCcdDG | 1J2484SDUhi5WzLuK3UYMMHKwqF4hNGJyG | 13nXkgRRCXFBvqxxcBy4MNjBh2nyGambM2 | 1FVdsnBojEDF81V5EXAJ7WsFdrXwg3jUS4 | 1Dyr2obZ4uBFUwSu8q99RKRQpRkSzVf5AY | 1LJdQBaStyjNFSadsFmCNMXagXFyrK4myZ | 1H8yxgvch4VkhQKtmo9XoZsiafYew9Xb59 | 1P79wsLveDyiQCymTp9vPiHKzjy4Y6JuHB | 1L2AudaTPrY2dmuzZdLcyqSzyEfz5vo5Fd | 19v3WRwNbbexjFRc4ohYFcZeqYdcnb2KhB | 1JZT2fU5RvSU4XmUB7kaBuiBvm8Qd8S1PT | 1CJPyeDoMU7m4CPtF3cpzps191Ghr8g98g | 12sRHZ6pYeTqDdFnZTA3k7htzyczL8M3BC | 13Fizgt8sPqKAwR99pCPo6EHEBr75Upxtm | 1LFWDnC2M3nPqqjMzC2bwBBDSWS4V5kw2E | 1JGC2Vm2h6cfa7Bx6Ga4xzinj7f2SMSDdP | 1FiRfX1vDC6SksxucrQH8rAbKKZ5ixWBen | 17F2jWzJ8jyqD2ZgvYjR9wo9Pmf6gbVFSH | 169RbeA1SB7WgwoGbmmfu2REXxaLiAKajL | 19XQimH1mUQkxTD7F863WZLNSPRzdEUJuN | 1DYqegUQjfq2a622iDPe5e5WfbGK7iVEiQ | 14HnN4AzeUjU4Gy6TJZ9omSF2Hg8vGSeDN | 1DYYCcNWiBEHzWLzopph6XCBfdCSmhhaVA | 1NsmDtdZ5kxit91h9Yus44SVLNxrYop99H | 1KPda4PChPyuNpRi7EZFzofVyMhJeqr6qz | 1L9myXMneHH9SKgLQLciicY7HxWNGnb4j8 | 1KcGcd3JdsXe8Z8YLT1UCtsmt5u3MWsc3G | 1DfL83Q15ntN3BQmW8f16QcwAoi2tk75AB | 189FRJJvNtRB5CMACbXma8cjgXoZF2985H | 1Q61HjRobYsvFGLTxNbB1hDZFJcGrmPQg3 | 12rG9oWpjyDiAmEh33JjAZr7hXDe2GSGep | 1Jyats4eJFBJPqeX1Jq8tYTuf2vmxX1Q7c | 19Lc9RHWuhSSs6Ra5LEK5K4GFbPEgTWt83 | 18gaNcBS93UKZcNEGZqSJ4QH3Eb7FzZ4oW | 1Nm2hfBbZ6kBCgjckNP4tooYqi9FjuCp5y | 1PVpfbNEqpvTLAUq4XCk5hVEU231SpgyBb | 12fA3Xqo2dAZJuU37ZrFJ4kp6aPYwebpdW | 19BTwMPPk9tY5RnmScxwJ1rwVA5fofpqkH | 17jmciuKChYZ8mo511NdpAydpF5iTynQhT | 1GdMtFMBLvpeQocXENoV1oz47gSyTy4gnu | 1HavbH84fNvyTJ6mGM6YMv8K1MSsBFkECg | 1HGPxSUNJiF7pJrBdZEfWbhTjujtdGhXK2 | 17tTSKh4ZznRgMTbFX4SWo8jcZYJ1TFD7y | 1DH939xQQ6zGH6HE6Mq6ZpZfKosXYnMeak | 1C2GVpfGXToFke31Z2JYoierFboYRiT37W | 1H2dsDxuuoTmrPbD26icvaXmipxXC2BcUs | 15tJvxrinbAdc4mXPc3b8NupHZHhxM58Ep | 14y4z7iZHXd7HT4kRGzXRsCDUkFc11WATE | 1LYFFv5siha7dLdkTrFxfa7RJKCd17GXFm | 1GFvKyRk5TVPh99U3a2QhF451UdetqiHTx | 1HtxXQU1tTKiZmkzF2C4kQKwNbmfg2uJKu | 1Aawk6fhHXGpCpfxb1aHoLZrbvhi1Ei7Ec | 1LGW2Wf9UEutcZ9AoNPjcXhkCVLTZDngp | 1EVrLRkBVL9NbzfR7GxRRrWW8U6hFypa8Z | 1BysvpspwDtSZ1ZuccY4wphHeoHdnMFqFE | 1GNXnQnZjKdZCj7dSk1fgqZKjWf65bw2km | 1AtU34xux17mUAw8MX6t8GT7iPSN3koPfD | 1DVi9xHRrZkUedkuc1GYm2DebVihTsnc8x | 1PxjWKbTwQ7PDY2rNC9NEpCTheuU1igMLA | 1PevML9zBKD5uPPUdskeAKGX49u9MH6m4q | 1LvVu7GqSdiCgZrGYDWf8g63Laf2BABXSR | 1B339QB6doSdzUrVoqJHtMJg4wtSBGmHqG | 1DBT9ypypdYtqyncT3bJsTVApXbTdNZ43n | 1EMFtQ7J5axmpSQ4qgiTjjoGTVetJyeuTh | 19MhNFQDN279oZaQWPe37MbLy3yiHYKniH | 1FwyCP4ekR8R3WqK5mq3sEVSPLYfyiwmR3 | 1NAauy83Upy9yYv5zjcjk4hwPRJWnzvX52 | 1kLdvZd42vfhUfMSSp1rN2YbF9uizUTH9 | 1NAauy83Upy9yYv5zjcjk4hwPRJWnzvX52 | 1U74UTjc2PYeBs6aaevZixSqckWEQMJkV | 1NWWff3j99pK7x9mE8k1wKz4S3vDwoTDbK | 14rYFGsH2vEC9iKxU2h3RiT2CDdS8EqbqJ | 1ByFuFeLnqRwTEj7ukxaKpHJi32hzQRztv | 15iqgF2xDyy5fjuedpwGuxmSTYtMC4jn4b | 1N3LxiLopo7MHW23ejstuXTW1rX2zH6Mmu | 1GPjdPnUY2hfQm6bm4eC6okVxJtRZS2WGm | 17YfjX8WsLjSnE2ASkNPwsaxDUUrw3SVRL | 186ZLCx1v5VM7cgxEcHAgg2oayA72Qt88Z | 1MLWtz5g3s2AQXj8zig8AD5crPQS5nroPE | 1LmSEwM7i4WycXxgzJfFR8BSmxh63RJc6K | 1FcF72Exs5WCf6bHkHXjZF9EXeZdYUXe8T | 18qUndKUvs1AiZ3GV5cfgPndoqFoJ8rsgk | 113i2fnB8Gqyt6zHeHkUkwViZh6stH17PV | 188u8MWBW44ViHpzEU7FJeLvMeWqvhH87Z | 1LF4UUKB2yTZdFCGgkaDhbgcyARywZZhN6 | 1Hb3keEa69fM899Zgy9Uzu7R8dAAwpCG7t | 178ppAm761MWMPhvS5HFiVRc15JNeMuy5f | 13YdddJrtC7iHrzQ3cnmWbhppgTX6EofB5 | 1CbNAC8ooEm7wYGCkKnty5mwwczfWENtm4 | 1HZfWjixnhR5yqQQZ3kttSzv6UbA6AoCC7 | 1NAauy83Upy9yYv5zjcjk4hwPRJWnzvX52 | 1JRCYURZhDYrLYKxg9QLrSLxwVHojM2sBy | 15FuroQuZSpXgioCdgqiJYcs6H7qnfeNv9 | 1FdyBD4MMtcFbFsdbDs87gcfMWrgAeX1P4 | 18BT36inidfHMzkSXZGfXcSnTnLjdWYaj1
28775,2009-12-05 18:16:34.000000 UTC,011ec07a1045414826985452669b45735ce9c4c991ff2fd18edfae54ff993d22,18,2,900,900,0,4.35000000 | 895.65000000,13uMLEz2ofaP78hdmDjjEMoEuFeYREK7uM | 137zjnSXZs7Wdhg8zCoAJHz3NPgX8WtPPv,1N1i1toG472LokQC6GWy47zLr7ZSgzJV6E | 1Fa11hN54k4h6CmHuj2i7XiRGJt98nRHyP | 1NA96oZsvecatNSMqAxtMfGNDF7itbxdKy | 18q69geJKBkCk1ToCh8v1GYHyqxFFcWZV8 | 1NJN8TxJdPJsViGWSXKnHD2JbyNT6btuP7 | 12LsPHUasY42dgSp78cJdaiBatEFhAD5Lk | 1dYFL5pFXynbYpAbcgTnSWXXrAA4Ny8gV | 1HQBTArYmqn6U8QwrYXyczCJuTNRfR2Mga | 1JX5HQUJVy4XmY15e4Lg1t1DUeEpHr92BH | 1EdEGQzaTV8vx2JxqJj9KTC4bHdGqPAmrm | 13CEc9BVewbjcFDxJtqUWFHxnaXfGNKZf3 | 1MvLfdBu451C2KYMH1kffovSRnMZZy1kHq | 1P2yiYnsFGAJsWYTXpspQwMnQJFNr3rFbj | 15FkKEkgL2P3qc29WNUwc7dwp3bMUrYovR | 1Ka6Mf6YmkgVWuuxzZ1NG8XGyfmmdcbE4v | 16rLLpoDWojjoZFtQYzArBV8jVPS1qEEog | 1228mwWxmNbmySvdc18yRNtZaQpaGJhJep | 1KWZgUAk9dZYCV66KhmGVDYxJYYRQQi6kw
28811,2009-12-06 03:28:30.000000 UTC,a131c7a34180592c257414d902a35fd468b557e984617358343373c5599ce244,1,2,50,50,0,10.00000000 | 40.00000000,1DNML6RyHdsqRS7te5SpCkMGoYEkVJU6wD | 18SLm2zogTPonP4vqAqdPaf8PGXdyzjpR3,16rnfFcCdtCLZmazyW2Nq4GSy2tCF1j2hm
28817,2009-12-06 06:01:57.000000 UTC,591eba1f8e27727e14a9aa3695e6e005990069df06c827fd72ff05aa61723108,2,1,90,90,0,90.00000000,1DNML6RyHdsqRS7te5SpCkMGoYEkVJU6wD,18SLm2zogTPonP4vqAqdPaf8PGXdyzjpR3 | 1HX9f2GV1TrNKVKuWCZkisU4w78bv474VK
29016,2009-12-08 01:52:13.000000 UTC,1b95c5519f32f4e4d6c6e60af6660c2b17a92e0c54fa0c8b71932c283cdb2e91,20,1,1000,1000,0,1000.00000000,1DNML6RyHdsqRS7te5SpCkMGoYEkVJU6wD,178hszszXbEsgTDXpGPM73cfRrPG4Pgj9o | 1QEESjQcxazTBhW5Gur6i1tYt3wUPtmGPr | 1AeGUPfRrh9wRKY2pdLta6ZrpKK9CgyNHx | 1MWFBT4YhDpRsrxTpGbx7pEeTmhjPuweEv | 1Pt5U3qrCkEhDeGgeFnhbTCYfM9rAdhJen | 1kiKTTPKaUBFDXN5U41DLwDmEVj7V4Nih | 1NpEWxTcb7e3f1G8RTADYfGt7xsVB2LVmU | 1PKw6c8t7CwtJ2JuRQ9nEaCgtouoByLgB9 | 1PD7at1vRn2cCzzShJgkPLSpDbuuzQ9brH | 1Kz93ZbMPKgqfyyuAF5mvUzd1huR5ijc6f | 1DkQNhh3V6rwE3g89q8T2Fc61WuE8qsZpk | 1BXAyFZJpqUBB6eRQbdNu8AC848wNDWvrc | 1Cf1uzrEUgXhfN6832kneGa797RcxnR6CJ | 1QE3K7a94ZwvxMMBigYFbyjWxRAEKnwhw1 | 13rf2UL1BXbEZEw4XCnCM1xncJnwZpB8cn | 1GrJtVkCYoLAkY7ZBvExLomAuiaPNJtYde | 1F7wpZAwEfSQvRxvjwoP5CBMGyUpNQpjR1 | 1LAnJJiF8XKHSTropKS7R7h3CzoYWpC8ES | 19hvaJH6VmeeSnVsFbDmxBX4Btmce4sauW | 1weGmPby6Eb5Zy1qxyVWghnCdszZZNGip
29073,2009-12-08 14:11:35.000000 UTC,1b1dbad5485b04f40b8151bad90139d4f86a07fdbd5523b35a979094b0b8f017,10,1,500,500,0,500.00000000,1DNML6RyHdsqRS7te5SpCkMGoYEkVJU6wD,1BXG3repyecPiai48J26Wzgy4rG922dqNY | 19i2DJhLrS4GmbfhGkSmmTM3mDtpwMZGat | 12DXpQEmaJJpv6TmSofqdHdtTUR6NTuQgY | 1AHamZMNTwguAju1PXXqBeACasPpf1qLuY | 19izQ277s2mmv4EsE3K4Nxmv6MN1sfXW7g | 1DH3hSJXUjTiXgs42eXzuBWxBxNikhEJ14 | 16gWgkGz8UL2jbmi4SQhwyqY8mu19dA8gA | 1MUdSNt6JZaWNdKU4aeFz694G6e3rBSpFD | 1FmUBMEKRZBSNu2hPfs8kvLiv3zs5kc1Pv | 1GCefrF2irD1ZoWMgAF1VT344sZjpkqai
29126,2009-12-09 02:32:16.000000 UTC,4c5e40e37810adb4ec7f01d038b508d6611afdbf21f8cf8ef589a0fe5f0b3e91,1,2,50,50,0,1.00000000 | 49.00000000,1JTibmhdVg14T3xq7jcNeHecQrKpa52pFG | 1MuYpbwHyH8eXnMAXxTkw8EtrhkGmMi4BA,1MuYpbwHyH8eXnMAXxTkw8EtrhkGmMi4BA
29129,2009-12-09 03:33:30.000000 UTC,10ee48008377e49aaaad29b6f5191bc27a9902580e05d7f459cb3c6a712fe785,1,2,49,49,0,1.00000000 | 48.00000000,1HCjQQywBWmuv11prAD1zQCzRto7WKqGiC | 1MuYpbwHyH8eXnMAXxTkw8EtrhkGmMi4BA,1MuYpbwHyH8eXnMAXxTkw8EtrhkGmMi4BA
29129,2009-12-09 03:33:30.000000 UTC,70f38f3ac235f65698e8c8c2589b9f0156d7700d12417dc916e6f2bf4ba12a7e,10,1,1900,1900,0,1900.00000000,15J5MZxBkbo88hfHbY96UEDdWWtTJKTBgj,1DNML6RyHdsqRS7te5SpCkMGoYEkVJU6wD | 1E6Yo2282Fw2G6jSW5MGpYT7AEr5FyKyuN | 1DYDMdMdTKM8v7kkTjJrpwUi6TXyzqG1uE | 1AW5daYLcx6GtB5uhdaUyTf1nGmq79XWcL | 12ZTpN5cCz4kiUwNe8NVakEkm8Yk8WsUyR | 114vQ5qVifgA8P84FduEKQ6HF3JSbHzhgh | 13BqxjxYj3JqeokVmQ5xXayLATpqDvfUQx | 1DNML6RyHdsqRS7te5SpCkMGoYEkVJU6wD | 1DNML6RyHdsqRS7te5SpCkMGoYEkVJU6wD | 1DNML6RyHdsqRS7te5SpCkMGoYEkVJU6wD
29131,2009-12-09 04:12:00.000000 UTC,dc6900d101f333abfc7e268fc5e3b066a47cd30b68a2db63adcaae16ae75cccb,1,2,48,48,0,1.00000000 | 47.00000000,1M3aHxpG6dD1qVojvfHUvTczoDXoJNN2c2 | 1MuYpbwHyH8eXnMAXxTkw8EtrhkGmMi4BA,1MuYpbwHyH8eXnMAXxTkw8EtrhkGmMi4BA
29136,2009-12-09 05:48:33.000000 UTC,46d80f9f88e57bdbc22ce772989a99ab9ef2d77ec8cd6024291c1f3dd66542ce,1,1,1,1,0,1.00000000,1ASgioTDriUuBb5kPyGHvkxbArn3X3KfHG,1HCjQQywBWmuv11prAD1zQCzRto7WKqGiC
29168,2009-12-09 13:27:44.000000 UTC,52110eb34fb9ba3a59da77eca549a76ef546f4e9a09f8cfbe4dc06a553103d22,1,2,47,47,0,10.00000000 | 37.00000000,1HCjQQywBWmuv11prAD1zQCzRto7WKqGiC | 1MuYpbwHyH8eXnMAXxTkw8EtrhkGmMi4BA,1MuYpbwHyH8eXnMAXxTkw8EtrhkGmMi4BA
29169,2009-12-09 13:36:10.000000 UTC,bcdac13fb8d753c140084789623741a39332a727312742d341cd7093b5d68053,1,1,1,1,0,1.00000000,1Cz3At5sEkLN9KXUCRHAfkPpxryMqV4faz,1ASgioTDriUuBb5kPyGHvkxbArn3X3KfHG
29169,2009-12-09 13:36:10.000000 UTC,e9cd4e54298b6b4e819e54763a99a7834d1e6d4ab6f556137d2b32e4e5eaa3ef,4,1,187,187,0,187.00000000,1NJzusXNwRK8Lz4EPLv3YaC17XhCBKeHQ9,1DTHQEWfQnZTXEXMMWwZZJ3MEJE7PdSpt2 | 1MuYpbwHyH8eXnMAXxTkw8EtrhkGmMi4BA | 1NcKTjVinx1LkbJjqhyYbtVTzqY1iekJvx | 19T4D3C1VxXi1Q8csABXzi8UjQbtDMVdci
29170,2009-12-09 13:42:52.000000 UTC,73af85f4e35ef55387f5952e24b2825044ba3fb64046f997179f9f8d9cfd4878,1,1,1,1,0,1.00000000,1LsbJouWZswhBe2C4uL1122aXco8AovUbk,1Cz3At5sEkLN9KXUCRHAfkPpxryMqV4faz
29170,2009-12-09 13:42:52.000000 UTC,ba8199d3cfef3e591ee38cdb8a1961b8571c4a8305f8179de873e1ef7a80ae39,1,1,1,1,0,1.00000000,15rXpfXauzXaHcdNef5Aq1nAvZsMQ26xZQ,1LsbJouWZswhBe2C4uL1122aXco8AovUbk
29188,2009-12-09 18:58:58.000000 UTC,f55976467adc0f60def8f429eb5dda7c5f4c3d73e1d5d75dca302d434e840551,1,2,10,10,0,1.00000000 | 9.00000000,1JTibmhdVg14T3xq7jcNeHecQrKpa52pFG | 1HCjQQywBWmuv11prAD1zQCzRto7WKqGiC,1HCjQQywBWmuv11prAD1zQCzRto7WKqGiC
29208,2009-12-09 23:00:25.000000 UTC,41b3713ad25f4111f3a60f59a16f4c16fa3caaa12333b6e911ccec66e8b970b1,1,2,50,50,0,10.00000000 | 40.00000000,18cC5QHshQbphDCTsriQYXyhjFea1TK6P4 | 17QbqNeHyNHjujgGu4X66wCaNZpKrbJrwP,17QbqNeHyNHjujgGu4X66wCaNZpKrbJrwP
29209,2009-12-09 23:11:23.000000 UTC,9a553aaf24a06a0922ffbbc8d1fe11f2db11ae6ee430c5bb8d1802157facdf1e,1,1,10,10,0,10.00000000,1PJJygLB42VsaTgo2twFPgRT8CNz1bpGNE,18cC5QHshQbphDCTsriQYXyhjFea1TK6P4
29430,2009-12-12 00:11:10.000000 UTC,7bfa5a4a5d0ba60497f4c61b9ab3b289017cf5f9f9eb68c558614388f0383be6,60,1,3000,3000,0,3000.00000000,1DNML6RyHdsqRS7te5SpCkMGoYEkVJU6wD,1DmX2ZEmPDgSMSZsNST7fQWoTinS9QoDQ2 | 1NjebNL74v4sLdpnLsu54Ucov7u3qRfT1B | 13bJAtbndbre8r7yEPer4q9p4WgTKGNTPc | 1AftCa8TgeYgA1LDXx1Ykbut9uWAkDY4Nj | 16axZY61W3o6cwjxN7igifazLvF6u7PFCS | 1MkqGFb7XJH2C9ZrfQPkgEicUbt1YZE71C | 1PWHrdiSdn8vEYdBnUo51kEmp7zu7XXyNN | 1N3yzPhxXSvJpsCburMAdv1wr5BNMQcdqY | 1AXbXeo5wNPg59FvpiyKMVACH6HcARZrj9 | 1NYe6YufiwgaKCjwyHZKhWHj64ADuV54Zx | 174WecisQapKAnnndvwqLEaRQYJfhqgG2L | 187F3uwDE9kF6eHe3nbENuXe1uL7UUEbXT | 14gC39Eu8AUEjahBvYYq7qZLS6a8tQpg6F | 1ET6k4uXLLhSAQLnFCXJHfA56jEip1W6Ny | 1LFvopKspycmhF6bmXCC4UMnCtYtwnhY8k | 1LCBfVZ9iVp9oLkzmmQMSD6uZsAT5WJTGx | 1Mwqt5WrPEnEGpdRY2AWxEVhTY8Y46icuo | 1PrvyJiZwcYWKDJxyaPUnrd35A411huFgW | 1BS21tCp9bJzzKoNg7hp4VB9d33PFyBxrC | 1DV6PVXp3xSvFSo9ZAaJ8rsEA3jmHabYC4 | 1NydrSLwgopy6dq92Pa9LNh3gkRTNLdFfK | 1KwYfRCm9QsPVn3HiPfEnyJPFTVWp1yj9L | 12fiQ73JmbPbnCv4SrBDuA25Mto1uaLb8r | 16jdeuiUuqKnoXvAFh9vbb7QaXyngL3HL1 | 1BKM4J7awEdYRPGwD8BK2gGBX9czBUZsHg | 16eVyo4Q5AHXmsmYKgVDMmHgC79GN3xHCP | 19UcU34h8wH9ccgHcBWyywSVNR6fUoU4Vb | 1Mbg18ctUAZJkvKjRsCMPSxPRpeJTLTzS7 | 1EkMkx6WHbdK3dqHeXNNmaexTPRgz6ZFP5 | 12AFomMswYdj3SvrLJ27RuRoyDCX1p4Q43 | 1L1ZbByZmAN4XHRFUKwZKBYh2F1bjL6DNk | 12779wPPbrhC3fX1nVetFxM79xCiz5vBwe | 1Fao2RibUt4aa4dYPToqSFAinxxSfcfNgf | 1LY1Eh96ppgnw21HTDyQ7oj1JeiLsXMJjb | 19kwPwjrgH3XzbWya5B2j7fpQQaUQEsbtm | 122tbSiVYR9Q9Cc1mgjNKJfdEogJxtLse7 | 1LAM21vG3vvnDNEJZqNjLu67joxN6MSz33 | 1PCgDRy48SXKrfmLL5Y5PCVkpSN9MFChFp | 12hbS2gscVV5KyBb4G2jyB9LCNJEyAMAcD | 13YKKN8SfQvSraYPYy9Ys3LU6QNbPtieuY | 1HckZd4ctBgQm8EXYxqixymjmAdFSCbxbJ | 1KziwjBZUFYSFxxqHY9xh5rion3GqQessK | 185RSbQuzkbE7M44v7wbEkZB2U678KvgS2 | 1A6MZNBokjmHCsZYXosrfx33S4FxAsKnwK | 1HJYWAuXzsF95m7wDByUFvTKvf9f4eHGZW | 1Feo15As1iFyC8iWBayuCz7ZHNHJK7Zn1Q | 13F2g71p1hTax3SV6UuBXYSbqevtHetq9y | 14bvZc6fBgoXo3G94yKxkE1DtgHE5imBPg | 1CCgqBRcE2xdxMrXVSEfyC9fJWaUFq2MK7 | 127GroTYvU8PFcMuCJy3ostJdR5MWhh2qA | 16dNDmnxCZbjST9AXqpZAJLsL4X92tqQ1t | 1HcA9bxHPxgQya87UNL3YDrxw8qDfenK23 | 1MyJ3PSJHY4Y1drBtC1RVL1K2CVRMWBTwo | 1CqrBDve1NtUtRyeutWytm6HCSQSiN1Pvu | 14imUhdgFwhpPTusuYnQMCj1fMnrr4Ummo | 17UQw5kPhTA8Ep6kt5tTvYogST8NvSUZT1 | 1JneCtGBYqu1GJoTuVhecfnLMNQgJPZXw9 | 1GM5D34xdK5VpAbnvW2w4oCfzhvV9cFeN2 | 17JK7yfQAjEVs4dRnS3gUZ6SzEGQkZhDyb | 1CRkMiRBDjhArFA6FDbUhkva7zEEYX8Rfa
29431,2009-12-12 00:15:15.000000 UTC,ff4e84bca11c213cbc26104b075945d2744a34ea0d335e8c50a357bb3e63f37b,7,1,2200,2200,0,2200.00000000,1DNML6RyHdsqRS7te5SpCkMGoYEkVJU6wD,1MCCFTa1svGVLYQQMBmc5bZaBunoQPjZpP | 1Kj6o8C45XAkmxsZQKsQssG9VQsGdQSSiX | 14SQH5FEuPJ5PNBkCscX3Eqma6Yhq9F3a2 | 1FW145Ca4rh2uoLvMZYxcwgnpUQCD2iTgs | 1DCjd3v4yDUaZQJoj7T1sRiSyVL6zjwCaR | 1CGLSVup58fE4yGHR4Tattakx9r8nAHFYm | 15J5MZxBkbo88hfHbY96UEDdWWtTJKTBgj
29664,2009-12-14 03:28:09.000000 UTC,3a5769fb2126d870aded5fcaced3bc49fa9768436101895931adb5246e41e957,320,1,15954.35,15954.35,0,15954.35000000,1LPaBQDXUkzav1hNAHZKpAf1upqjzuoprU,1LSGqDAiVvWHdYqTtGKKvhMhQYBS31UYmn | 1B6FhQFzRcovcnJK7sbFBu78D4JgTZy1vP | 1Q2MjQeo2UpFjg3KCWdGVtzpyeU34nTTzu | 1LRLo1VpovsV8Y5i4jUWB3drupqzrYs57t | 18atbFZb7NPkugGMsuz6BYbXvj5wJC1MrS | 1G6aHFMoPN9DbCRfoNqDzTMUwKG91HwRgM | 1KCUJS3iZ4drTh7mNSYAsCrqq7oL4MyWR8 | 1ND6tjU4KqCHLJpi29K7Xjz7F7EAnY7hA2 | 1659rWJVGdfdhdQKF3ygfsJdpXi3NrTMvn | 1GFVqXxg7BUvpE2S5G7DWSZVrPP4BQGgPH | 1PwqGeQzeEDcmjYUsPkEArNYNdqFuUMLeS | 1NcYDBV2xYA3sTZ3fcf9qRrFq1oyStdCBk | 15qjtq4A8FQuFgasUvh2SkDHFABkUzxB5X | 15Jhq4wpphTRf5H5ikhJYbtCjxa3jasaHk | 1JnzfviDbsufX1iNg8HAwr6aFUTcoEL4G4 | 112L6XTqYGq7gFnRPFsT3MJ39zPTeQE8vS | 1Tbuebb73fN19anmmEnVjc5rF6SKRiKbv | 1MaA3aVAESY8r6wrczdJX9qtPknTAvtmEo | 13TKqWCpfpuazfoLhKcpoLXnvyT57KK6hg | 1EcnuAURvFv828euAtWLVJkvhH4og9ikR8 | 1VNqcefnep1nubAo1vm4qUhAPZvWBU2ck | 1F9UpJ3eQqWnYpeM68Bt9McC9pEaSuQ5m4 | 1EkFgMzyLzmSyGwMAkx2wd3Qx6kP1g6es5 | 1MC7XAYcBZeTMYkqv4SoPQzDTXZnEqCseb | 19ePqkoBpJPunYprrrMduQuteEyJicXQ3S | 1BRnQULKaEGqVN9HfU2nHwmWXPCnisxJM7 | 1HLNKXrQ2B2xCkThDmXXQ953scoC8JbznQ | 1AmJQRDkBnMYF3zKQpnxhmGgdK4SAEo3rA | 1LBUZnpjdT45GXq6fdKgEE2UCTtFzJadtg | 15FhzWg5jv2UaLW7ogdwVaoXF2qc879pGp | 1fXtHJRKKFoECP7qtV8MD8pA7as7U1c1x | 1LMorZgpciWZn9f34WpPxyghjHyCtppaUg | 1AftvH44ZSV3hVt5cz3uLTtzCUmeju8zm9 | 1CqNoyfNGCdeodCMAYnUXQtwPYr8Hwpj1e | 1Gc3cr2JRDWmmQzLeDzynLkZETfhdZCuLx | 1CyBhsox9Su1BLNZLrMHbHfTxq4zBXCxyL | 19z3inraqAMednmhBbM7u61E7dEq2umk8i | 14Kz75rMeztz4GEe1gU2L3RcWEWv2hf4vQ | 1P8wJ4FRG49gdAedbTHRvNqYFFZCD1j9rY | 17vP6UHbDhj1nypQv6mTP2xV47eSDhKBT5 | 1HPLCzoF54HXctwAqviXuiozri32RPEK3m | 121NLvp3hKNWbQsdzDUaCeBUSC9SF3Y6Fk | 177pKEtTji33ExsChusD6Zrrtee1Rk2QWv | 1Nix6Qe9ozcKMBBcfuobvWCHwU43UNngZj | 1GEZEtAxryiagX3ATJDTsbyzC3Zd88VXfo | 17GcbrizQXaWqn5SV75Ehjpmwr23DnLa8k | 1LmXQgCDTZtfx3CVviD3kxazvHZcGzi5yw | 1LmTfGdxNBqbfqHT6zFPCe36zUbhm6LZFR | 12auuU9ButTHKqHFwKJz7jAUEjvu8X93kR | 1DjXW9xaLLHeKqquG96GbT5GGMDvVt6qHh | 13uMLEz2ofaP78hdmDjjEMoEuFeYREK7uM | 1MhizH7NxReZcKEnnrQkGG39QG3wAX7Tg | 17NxmCrMxyMcZ4i4hqqTdhHmBCfdNYsZxS | 13X84jyHptnhRra713HDVpdsorgvuWyFcL | 1KqdGCgfvByvH8TjF77gpjSNywJ2dTePVY | 16XnuKUnXPABRKPqtTE1L3XwgzkL8ujkLm | 192nafMHAEZdmfRnbby9dDDkoLDXTAgbJv | 15mYsVx1EPa14EpmPdMPhBDUhRvupQyawF | 1DzBWWoobKaMvuLzqMc2cqVfUz6Y4YXDMz | 1HYUMytfMjjJSCFX6BujUv9VumtrhZY3T4 | 1BQXS55tNCZpTYCs5xEyUQ2iB5X4HECPV7 | 1AYZP94iXM1iAUNCDHBHE6AmRE58odkj96 | 1Ct6CJZzmUnkfHdYz1Y6Dx62moA5pk8KnG | 1FX7f1BHMNZZwKq8d5KWRNgAuM3mGQf2NK | 13YKE1bNvFtz93UDJbgUs7dMk1UDF7WuYY | 1FU2dnx6CCDJrqVmNVXHf7J6zk1dPsBkmG | 1Gh5dtVGYB42G7f5qkSmSRtRk4xHnUeisR | 1H32rdLWbBtfCr44nAzvYJNW8PohuW9UQw | 1E2N5TmweTZZbrecE3CPfoWAuaiXmrnuzy | 159YvavN8SmeDzMGCGML8JDM8eiYw7UEVs | 1JWsWYG9eUotmkPRpSgmv1nLB6JH5Etmts | 17MeDq84AQaQdkXcvXn3rhxip5bNHPmv7F | 1HCmShXGGPYpYFiE81PJuFwLMEmqEda4vA | 17xUM5YBSkWdp3PRW7xRhM1tgCDFp84kju | 1Q49okagmjLMtXzXZcU1J3hPJfUbLUqJHJ | 1EB32hyWjzeo77HSs84GTK1zBtZQhWbkg6 | 1JRabgRx5RL56nxyNBhN34dm75aGRMUk9e | 1u3xPJrVs65GkyasjnJgchstJoHQkYCN9 | 1JMLETEFiqgrDrc1J3KFWjKdZ9uXM4iyiN | 16yvC1gwtYDwqDKgGsT1y8Tp5EvXksifCe | 1GiCumf4GN2sk9VhX2NrJEygtHZy5ve5ru | 1BhheBbNs3jnvBMFCyEvJo5n1C9xD2Usx | 17wY7Mgk7GmTRrzyfdW3kDSg22J6ozry35 | 1KdRd3Qx5oF8wDqVj6WJrmVRkdwKyAMLAy | 14VeuY15KnFKFVGYE39tC4fPFm6s4PjgQQ | 12HvPMzctctFohHUC2Ly4CLGsdUhY7VdMk | 1NELJ11DG1Xx8eEWdVy2H89tfw9SUagKjY | 1KpD8Lg7RndxuP5HVTsDEZAcJ92DxuEw9P | 1AEbZ88ZtRA26UHX5YuGsG1rBHzKXiFLWM | 163Am43PbMbm61tedCTYpSJAip6NYkLof6 | 1PafK1zmAtJWenTByD9AyWfxk5anz3akPG | 12oo2Q3qQP6nBLF2roDD2XitvrzbELRE8M | 15nJeHwKXN7V1BSzMccKrvJgA31jfWra2F | 1BssUzuBG2fUZ4jxZfANjW24Qsdv8LVZLw | 1BdatnSEBmupAvoRk6RkQ8VD2zktpPJd87 | 1DBhmbgrVaKzyR9B7Xu61d7UT346BLQ8Ep | 1LnAQcbUaHqoDNChJhrRWhB7h7DmnUaw4g | 14eQWZhuLm4YGYct4aYcEH2kQtg9SozkLV | 1CmcFeWMCxKjDTnK9Qf1BVNUQUJ9X8nNbS | 1GmMjEhx4ZjRD9BT3jmvx7FYQM6ohJeUF6 | 1JMNLBgbJparC59c961zinwBAbyoA7rxAr | 1C9WdtcePBXWeCaVLmuQnyTc9CP1cD9Vwc | 1BgoKYv7D7utzDCNmqb16wKN5LPTKEongM | 1Na9RaRajeqk5nPqMHER48HNdQpAcyPDDi | 1DFeTiMxySeuvwodxBjYjfNQx8kDCcPwNS | 1CEsjHZaKnFa1YNcAgogJMBcJf7K5EPjjx | 1CvfreYagGKrmqsvmVDRPZ4AESRrgo6T4Y | 1KvTkkjHfiX9tehvqdTCRBb5EgSynJmweV | 1CZw1gzo8QSiYXxHvT7gBipbDTh7avQRCK | 17P5YzKDrVedHwJZRhpFyT3piMArSYRrL9 | 1GBHGNEiiNAX1pPJ3Rj5chERpiBonyEK7h | 1KxWToDvMcAKbs2TmaBUibGh4PAVvFdVSc | 15xTM1iHPaYPEqEQEVK6E8E5YTjv8wdaaS | 183o8oKk6ShkJR8TEnTSWsHgUhCUqbQif3 | 16N2JfLM8NcXYpEaGY9futBxXzFJa2vKaw | 1CQwP47eG7g1E7iT4Lmb8YyV7tXJSyfDYn | 13q3S4tncCDGAe8Cx36syeGaTStLZhtQUU | 1AsUEKujT4YqTe1wKsRZKc8sirExYZxWAT | 1c8qJxHj3EZfLYiWJ6AJpm5jRiRWYokCi | 1MZDPdyxKxgu1jJPorPzr94vuYn6b5Qw8Y | 1DxSTRcutFdcDV7mHnbZbC6D28wB8KboUL | 13jxnvfKrxE1VQi4o1Eq2ZSzS6ZFmfEPrj | 1JM2nzkPnxpGGq1LquU6nfDPhEyCF1URRo | 1JbEuSXFQDpWWjD7AMUa7LopTtvTDiAHw | 1Ah5rvgK1Dbq6FNJKcqYhGG6UC7N2A6AuW | 18SEY3mcnWD4dp2JnhcESj7daCee1rscox | 1E4trU7rt5GazEQbxhE7wLKhy4uNJUjRow | 19M1TMn3e3trkewGozPTPWvdFjTvwPGGHn | 1Maa544L9T6fUPggiEajx6mVFKKAeE8r7P | 12hSEeyraUe6Jv1oRV7fVCE2Qt7XmhT8SC | 12D5rspMYQtLzisDS57XVMV4WVJFyjfkXj | 1Kv13LD7Fr89PWrVoNbTeDMBZP6H8YxuTx | 19R4J8kzsByJFxR4f7ftZHYtbRMELQ6rGa | 1EigipCGcM87jZJEhci4Pp1EGCdL8zhxjj | 1CtBXJGz8mMJt8xRJ3MqdVQw1DRreijf4u | 1CYgzYvNuEuS27nzgb2JTMibEr2z9AhMtb | 19BGyej2a4tjErDqGFcVczRwBGddTa2PqC | 1FnpRgAvky8A9ihX84f6uNm5puksp7oMTU | 1BnATu8HiTvejtnGSYPKszAyfW13SY6XH8 | 1Ngb34ia8EQr2WWFj4wjDtAkrPhaLnG74k | 1ER1fKoGHU4H7hKXBf16nFYyg4NpX4ikud | 15sxmT94WE1gnftiHd1EamJ9qpJjDoewhC | 1HLBcMp9iaM7dhmLtAcdqrnbecjKR53cqW | 1CL4zeP6gtx8dYRJzxrxBQpybtkf9VVfeq | 1DnoCfTViMmF1E78La3Z8MugsANgy37Cc5 | 156qvtz629jUPE6RDSo9U27UwPLyVWGGN1 | 1oPUjCsSycfqYoixnd4pD7gEC4TX1Lmv6 | 1Gj4yQaFHyH81xpV2z2EyFUeyVxd93Vm2B | 17Z7L6v3hznJ4pGkR5WzXZYXa1rkzUUDzY | 12S2LmCUbtmkmeV7taTiiVuAt7GQgbNVV5 | 1ESZoopm4Y95747XWXfN8FPEh8v1fxCYZe | 1P6VdNxg1UjCACoriJxB5VcxkFxt6CWekp | 19fv195ekJnAG2qzbQgFdhgxgj3w4tZfTS | 1NZHTGCCv5e42px2h9wh36pim7KbZmpKdn | 18gno8VuZGbEPznNrAT4WH2sWmnSmprUFB | 1CGeo5DwHrUd8Xr4BdYJVvGzchXpx5p76f | 13wcHwVanwaKtLsHhd9Nq92PvdV7L5oAi3 | 1AwwfqGHuhvvovzLytT2r59n7KVVJ5KD3L | 1H6tTs5Vg1As1mpweS5Go1Xv6ofaAbxG9c | 1PS6iJRiJ5U1fF7HZ9x6tMRgDPtcm4pGuu | 1Dd2rehU5FmViNNtnwwRzmB3vvjTcpbyQJ | 1Lk6rjf5a5fZvKUc2D41ApwqBGZVhpBQN5 | 1C2AfXuBttZFiCS1P83uGr4Rpxk1DHaD7B | 12KaaWpXVVuA2FMDMRtCoMUqyq3AK3zEqj | 1HRqeM4scmQVgxwZ4Km1siqfRgi69wdv4u | 1LkyZqP9fbjJRELYLazEKrLeqie1vWS6Xw | 1v3cQX1aFYE9b1Kw41qXAmjY1uA1U2nnW | 19hgiME7osS2pZ7zBBGwrmZez8JUeFvzT8 | 1BHJgzmyAAQcgmysKwoLyVvRcpsvuv3Mib | 1HLLEoe7j45udWKiqeQgHE98Xw8jRw5ZP4 | 1HK38a7ZUxUWbjMxCzagagfiUs8kR88wJ2 | 15iMAbk6z6tWsW32S6K7wcfVqxFADXhtoN | 1GufMER5g1RVPCjUSe4pcMkyo6eTALZAoZ | 18HBzbFwqZ6Hhh2Waon8SdHB96ntDYADpY | 16K6opFbos9RZuYzRdrxuzQ52pPERKcfyf | 1J9xe4mQSmrFuBWz82iuMyKA7kj1Krdevv | 1iBgCgfUfoAjwSeJGDhPQVpghYYuPEhEK | 1N8CkhQ9BD2cJh9t4ivAz6MHPx1Qfp3d3x | 15pQPNZdPn6o6J8pRxaSXT7NxzBAqo8Zxx | 1JpMh7evENzy9hELrPazewgVvmHaS7wdCz | 1FpGAVBpYoVsxfXRB3E42bLPLmPodKE9b5 | 1AgBRMJedtKyrox4cAN2UGhk4g88Xvf3v7 | 16wRQzYjKfyARTPdbJwGNGUqccBswpNkkL | 1PkUtiV3uzJXCsDVBRi6W5QLyeKZoCGJSr | 1Ag1UuhiTVGVKSBfSpyYKZ2mHYFasF2vcg | 1PUDaiSK3LEg791jVdDm4wEadTf6zE3hVf | 1ZeqDsse7nu1g4hPim42wFqaAmGfBPqgP | 1G6CwKyKtRSfCTFkGMfZxCBbYxw81x5Kfx | 1A94PDerp33Ae1jMNkkQDcv4XpLwDVayZ8 | 14W3nAx2ehK7VU7XYtoFBjFar3SHnbQedG | 1E7njna4aSyTEMogp1SYRczVat7xvQJ2Ux | 17rHja3qXPbsyeScJHY9vesGk14rRW56Hx | 1JwM7N1GjMPkYWLv4CSYiP6ngyxnwKciVp | 1L2EDeV5r7xw1zRbnpUPrarqJZ5dzxovqG | 19uhSgEePyjArnK35UEFzMbF2o3tmdCPGd | 1BpMiZopvTEirxYa4U3f5Hpa7q1sSSTzKR | 1C8fDJkVfYvP6ZLCm5hTcMS7GKxtEjgBkr | 1Q8dofwZNJf6xa1Tm8B2xG8jSmvvAe9rCo | 1AFX8LV6xzgKjNVenvjuiMG45V1pkcjdkA | 1FczDjYrWdahaR2HtkHbJp8M83h8VM25rW | 1EjKEbQDpJgHsXmzXiUQyS1Y46SFuYcJJ5 | 1KENsRkQUuzFCEEhK12FqVeSGqdZkdAR7E | 1D1ipodT3ipJjkKW2Lq1gEUE151NA5iEMa | 13P1vFhgBjF3bFPS9hCYXCNpZt5D1R8Uat | 1L5mpCKjT7KiGYAVkp2KA6JbN18VakXoE8 | 14FVtcfnd22NWY3PbREMtoZDr8MMYEVKRr | 16c5peFhXGQUcbXAFSpDsSytz9iFsBwv8b | 1DkZb6uBxBG5zTaPX3cf8egabzkmvy2toV | 14hmZm8ywDHmnexZQK1v5vLxzAazVdz94o | 1KZwTvQ3zcHZDVK85ScjWLH8Ef25zNyPnJ | 1F8nWTGeqfGLqPoMcmb5ZzEztr84raQTtk | 1A7iwep1kSm779pVmm68Rg2cxb8pZP7i1C | 1M4owFAUTE5A8FSHmo3qDAHup1f1jWxqgY | 12L6HYEVfSM8S254HLgDjta2JWpsXfjp9S | 1A9uxCyEMSCceo6W3RYee3HZzTc5P52kpG | 1Ju7x2zng7a63cpFoHgK5m5253H9G1yJkB | 1JQdL1TtpC8arAEktpG64hGak9ugCH42Bb | 19RfZNA1tpTpT6FrHNNycYnvRq2C2S55aC | 14NC7UngzzGgx8WQRMDpLH6uviqWXevppa | 13hqBvHWccuN5Gc6vc8xX2LKXcjKhkuLc1 | 1B8YSPZEjiKSo8yqy1M9VZdEwP5UuRZg2i | 1BvcCijKzPtuRWr2ZdwrfnaBsLaUPpBi42 | 1N4YZXMEwSQVUS5z3x4NZxiRerv995sYfD | 1NrTgHS73uahT7ZuV9GFX1tPua7HABLKWT | 17roovzEWYKVHJ1jA4jkdACcHeJ4JpFGwp | 19wVcTTertWFryCUYdTUUuakKGXyFCNFzA | 1X24MSRy5RnBmfU1dtzgpFi2TUixH9YxR | 1F9Z6yxQBZr2aq5187CmewRGLpwZQtHkPF | 1CwNzaDthL6YaZiKS9feBB8grTyoggXu89 | 18grS5ddqf23Gwn8btpUf5LdhNVKNizrx5 | 1CNo4paZ6G3nQ5aMy29iEpY2HzEY4M5UHs | 1NC5vMH3Cc7FwSgkrJktBj8RsNZpQZy1Vw | 15Xuf5xHT3BfyYkCanJrKABGsPb8HrfMq4 | 18MjpN67K18f5kW36GHNXw92vLg7zz9tr2 | 13rcLfjRqU9reYhLuY7r9JtyhQwY67CnYf | 1N4xWVxBTWgS4THLfcJB2YWA7JhtuvQBhN | 159P1xSV3yWvZJLtKZQ7En2tkK6VnKxBuY | 1KfCgUYpNMHLswnafGXvervPFFBnr9KvxK | 13KKah44tvXgWk3fLt4pVF1GcEX4dZX6FR | 1CRDCN8o3u5q7M9y54zATZdzQHtBd4W11q | 1H1fw8b8ZeWnaSXHQkoJZ2PuseJowAmXum | 18mJyQhjgWrAZtj1Nba8ideEivWH9e1tG1 | 15EYiSXDP8pmrErkbsm8ubYp3sRiTazcmR | 1EqABkKeme1uNPM9dV89SfmFoM4XpFW4c | 1Q95fuc73ye1H6t8AEXdykpeASrgCB2Bp | 1BZuyxcedppTBziUfUtEu5bTsq6P8oZQqK | 1DcHRKdAPn7fMaAFnA8VFDdjTQE98BJeDx | 1Dnghvhbz65qV5rYYCrmcyofLcQfTZDQmZ | 15b89xiB7MQ8CuEYQW4F82f6spEfTQWkGX | 126dXiMa7J48MEEo4C61g3sHLBoYHJTGNY | 18eWtEqfVhqhQVbikwfcQ7Gi4Zm3WHWwpR | 15cZTYufXraWhUS8K7gYEnoyM8rYjEHyLR | 19gHRBG9gNu7ViRKfg7dHcE3xHUDojdn7y | 1Jr7ywKJcGAr8e6ej3Lgb36HYGi9erNNBG | 179FeP38x5LQk2bSuXuEW4JZMzsTbVdS3t | 1GfKu7j64n3GpJjpv8ECm2G8VtdfTZaFPQ | 1NdFaDfBbS2uSz8UN4mYV5x3qW1xawChpq | 1syXTerbKifNvsh7HPWUqyCez1WXcGQBS | 18vAEUoAaDpiuqZpMJY3Lmwak1mKav97Gf | 19VbwPSMQCBkb9knxMoRKRSqoCivNkt6UX | 177b3Yz5915x1PP7pp2FipmDAbSo6RPzLK | 1Q9xf6DLqD6mjQtmAcU47Qk78K7WZy45be | 14nqxPHxZCpYShENbKq7uZY22Cq8C5ydjo | 16cHyh6GKKNrXWfVoZGP5EYenLAAf3yR3V | 1P2Abc8ETGsBMTCndNhYU3tH58yt4tb46A | 1JgJstRkD2riZRqpqFhURTsKGrGuvo5CTJ | 1MB14Z1f4TGN3A4ooGuZPY4dAeZvyXDQ4Q | 1NPsVwFJMa2v9gZCWfJ5R38rdYLpFyBz9N | 16h7BR8n4zng2q2DTMJLVyAfvsKCVjo7o9 | 16y7nj1o447PhHT341i3EwBpofySVMm5Da | 159JKr61J2YGzL6EiJRyfH2BS3DvjZoVh1 | 1GNnjCwbUxpVZcJBMzZJjDVcpXvKHomToN | 1NKkqU9RfL8aaxcGJ39TuVmD4w8Fe53ep5 | 1FpwUUhwqZrrDPJzXbnt3p8oQpGyEo3wye | 1EHLNrw3cr51Rpf8kPfREAtAetyE5TJKpZ | 1KAz4LcHqmUBFW7tfb7oYHQ8gVMjxrSxq8 | 1NrNXs7UmsVCYjuoRtt7DPP5nHitSEFnCo | 1A37jghVkn31tn3q3GWfCfczuVfXkj7NKc | 1NYHaVgDVVUiDnU6wm3VgEVuWzfULm7Xch | 17ErPoWdSmDFJn27Cka3xGW4GQiAP4gCbA | 1K6wHVRAS9P3jBNC1DRAu8qPHQdxEYNBa1 | 1PXZ1jjdwHMV4kEoiNHfLzz778FgpvgPz1 | 1FbdPqnsZFZGY9JPJeRsgGQgQnCZYYyHRY | 1GzmwnvLrmcaM7Tb77Xj1UR1MzMNJjAf52 | 1HhZK84LZ5aLcf972eUQ6o2BUp7CoXEvCs | 16Ptt5AqEVjDmDoBrhgG69zj5qoyZCvZbG | 1DEYqyHRpBdtb9Afpppxt8VCEUgrkXYzqC | 1LU1CmXus9r9Dm4hfzr39DiKmxYXgQnLob | 1FNBhjVzKJvfHCQsVmTxBY7pmid5xkYfxE | 192NxNhTMx3icMLhVMCRRK12LQ339oxjZ8 | 1C1Y1j78Faqs1C8vUwBV2CsaBWngWCQCbS | 19srfJaX2wXWzPukfPwVhyRLemJtuqwd9u | 1GBQfDk9n5hoyDhKFCJmEbbmg3ysbu3inP | 1DfHtFPmG8ypCNYGs1rJ5ufPggdVm7H9DF | 1NwEWhtjCnhXNcY5bLSTK3zD3kby9EVHBA | 1BQknTy3YGEo9ForyXHELVTrH3w15xu2xk | 12UPQuzyJTByNfZteTyjWemShaycAUaL8G | 1DC8aASREcPFjtHfc4X4w2RWBR9YBB7s6C | 1K8eUQUVxsa4zAjcSWAjaZM3BneKPxxPUG | 1My5xQjUsQrKtQkmmHJ5vrCzXvgws3M9c1 | 13isngbffcDR9usBYMEfkxm75rQrH3p4Ye | 16xvovh8wka9o171j7dVtgFGLvVJBnF6Fa | 19s2Ms6eHWXvErpZ2UAMDoPrkmgJdVq7J | 1Egxigns8dERKtDzHozC8L3fHoWUPvfa8X | 1MMr4dhCf7BtXRidy9FJjN5Z7CTdnxnKjZ | 137cNBqtaRJg73pF66svEqwQuB8X8VFE1h | 18uBjhRF8FesP68E3FLU8uGTZh6xRNpofD | 1FMiA1w2CvMNHTba6r29UgYb3iFqKZUYKy | 15KeJV1yeyJLzVg8S2RUFUYQWQnSrrJuuV | 1K6421r7jdosBta4wgMTRj4FUiANMSb2sk | 1DE13Ug7RikBrwLzkGi7LR8MoDHQcBZebr | 135zH7jPi2vvd5FYixb6cn1cAmSzyKdjqG | 191srsKsVpa2yYmGXUpxTQV56U9HDZVM61 | 1EXe5og6btMVeQgepRd1FAJyxvnmRu3e5G | 1Kdv3GPSqcMu9ohtu5mB5EkVznzKQozx2 | 1NtRbm8w9sSwW9N6mfaBgSgXyBTXknRYz1 | 18ah1ALL2Mma63dU6cTRv8nW4KUPhe5wjN | 1DZes3XBXjg4gYL4C4QCdksmrWB7Kw4RdG | 1AqQGdkrsn6gQ4o5wqZYAwqT47mToTPHcS | 1F7se1vBtctiB46nxD6AcqUSMFFqmS1qJT
29668,2009-12-14 04:07:41.000000 UTC,ec7ec389613dd485cf8786021afd547536f18c4aa131c50954d4df2353bb6f97,1,1,15954.35,15954.35,0,15954.35000000,1Ph1WL8gHPW1VShh55yJpRQE57wth6zSBm,1LPaBQDXUkzav1hNAHZKpAf1upqjzuoprU
29703,2009-12-14 13:35:22.000000 UTC,afd13735576f1f5a93e1e1231685bbda40ad7f8f8aa233344cf5e405231be758,1,2,50,50,0,1.00000000 | 49.00000000,1JKtBaktAvyhxaPD8mvU2gaT8AsUDz7duM | 1LmbtUZ3QnwPxDvtP6niZTxXqwdahwUW94,1LmbtUZ3QnwPxDvtP6niZTxXqwdahwUW94
29704,2009-12-14 13:53:09.000000 UTC,6b1b98a3c9323ea3ce49e2bfe8ec158ed094908ecb5cfeb7575683ecdcb84849,8,1,399,399,0,399.00000000,1289VwTpSuBnGWbB2DFPaNB78jYqCQbamX,13zKuymE4RqUrMy6z7TzNEu2MShEY1TkKK | 16kHYLtMeXeB7G3SJMMQXmeYNjeHJ5KC4v | 1HYEV5nkcm5ZyRQ9PUR3TuGdeSWTphByXx | 1F9283vzNhNjsSGWUcxGfyvFpRPHWTjRZu | 1ADKptUKwM73T2yXuLU9R3HbLyyjurFNYW | 1G92XYDyRviskyqVEVzRw9JcKDrTHSq5ez | 12uP4UpbsL3Zd6kerWuoCpFoShmCGj5buv | 1LmbtUZ3QnwPxDvtP6niZTxXqwdahwUW94
29713,2009-12-14 16:08:04.000000 UTC,2ce7e90dacc612b8025b8affd30d2ef3af05de2eb5e10b0bdb44a42359c8efc9,2,1,188,188,0,188.00000000,15Ct3RxjiM1rf6UWcy8G6KuKxv8QwfuyVZ,15rXpfXauzXaHcdNef5Aq1nAvZsMQ26xZQ | 1NJzusXNwRK8Lz4EPLv3YaC17XhCBKeHQ9
29775,2009-12-15 03:42:13.000000 UTC,66416b1cf7130aaff13e8a60bf0d0f7e66375bf7978ae032790102bf227ef7b9,7,1,5450,5450,0,5450.00000000,15J5MZxBkbo88hfHbY96UEDdWWtTJKTBgj,1MPtHfDxQKRD7orrtAp4VAiPSakyxen6Nf | 1LVn24SGH8NTz7DDURJ1XhHyfYqutRCyci | 1DNML6RyHdsqRS7te5SpCkMGoYEkVJU6wD | 1DeH5PMopVzpmh5c2QiFxMpsEfxFWYPD1h | 1A9Pm63waQFYwFyqPQQphUaAYEvGGUJgxr | 1KuxFMc4KKgnc9QmDCXWCwWbCnwyJBViEY | 1DNML6RyHdsqRS7te5SpCkMGoYEkVJU6wD
29854,2009-12-15 21:27:36.000000 UTC,4ce766e5207a85563906e1e4993bd864fbb9829fd03aca034b204fdf5a8330a0,1,2,9,9,0,1.00000000 | 8.00000000,1DRZbiCHPeLYsn1iMMpiZDVjZN3WCTdqeu | 1HCjQQywBWmuv11prAD1zQCzRto7WKqGiC,1HCjQQywBWmuv11prAD1zQCzRto7WKqGiC
29869,2009-12-16 01:10:08.000000 UTC,6cb614b795fb24de282dba7ce1fd99a6b7f9430dfa073322ab80484e4beaaf63,17,1,850,850,0,850.00000000,1L2gKa3tPCVWaqS29eauXyCMKzkKLNfzKF,1Jof2iiNF4UZT5dzUgP7MRUfAigVxmEVcF | 1BuDqH2NNpqsUq1ucRpBAwb3h4zAY4tKXA | 15VZtGwW9n9T6z3CiWdPKPQFfb91dTYDWP | 174HRByNtWBQcJfi92HwZ8eybyjeuvp273 | 1BAQDtZbJxkXWNxs9P4Vz2NX1FYUtxMfqk | 1BPsJLVkq6qec4Q8MeVsHyXt7uuzHfftAZ | 1Ls5xgRRBhuhTyQwxB6gd3fGCAcTMquhnw | 1KjePaWf8hpx2g8vQXb6tzD5VFBbzn8rK2 | 12BjbkrBHsW3FqifZYsfQPG727z3sGYQnH | 1H7JhudPqMsbkKSdV48MXL1dmWfZJFemq2 | 182KvKG61w3bkz4R3T7T9oyZ69KZmBdoE7 | 15oBRSuPCpWJmKAnHF4be5ysemHsGSfkVo | 1LuXrTRu2DdedWGrZfedJnEajQCgzddb7X | 1MqgJWVRKAxWdABzaB5Ra1G8N9SKEDsSVc | 15PzNy7Tw5hKpDujkwnXKbU2zP4AJ1cLLp | 11uzhKoGGWBm1CveeGB2aGz9JBGCS2KoF | 1DYmogrVbGGLzeANpkUbUfxwaDqGUMNepo
30066,2009-12-17 10:58:13.000000 UTC,dd9d5ba0bd1da328936a5341efc0baddf18341bfd38f296e3484e4db0777d057,1,2,50,50,0,0.50000000 | 49.50000000,15efbg32CaeXh97Umy4q99ctEtS4LZdydp | 17CF2XPTqCjs7WiXBHH7r41BKPBpGAq81i,17CF2XPTqCjs7WiXBHH7r41BKPBpGAq81i
30104,2009-12-17 15:50:10.000000 UTC,8ee3d560b0a606350ed009d728ae96f8d63df77e77c00ab3bb19d0373fde1ebd,8,1,200,200,0,200.00000000,1LgXXqEzDa7E4RuZg8UuF15ru9Zur8j9GH,1LafXZTNr9u9zEDiYLJjmNJ7TK9pUBvj3z | 1Cpd6ijLsakiAVTRqegjJyhXe61KYjy4ro | 1PhF51YyCY4iCk9BFU29vzRUjGkEvSEzGL | 1JfGs9cbGRKHpBTZ4WB2hcy6ZCzPJ7BuiN | 1CScvho8Wz7w774TapxAZHaDK7NzTA4Y2G | 1Cpd6ijLsakiAVTRqegjJyhXe61KYjy4ro | 1EsHBdSHrHQ42UzoBYx6upKu9x25NFXyBP | 1Cpd6ijLsakiAVTRqegjJyhXe61KYjy4ro
30153,2009-12-17 22:12:02.000000 UTC,016eb2a1fb23e79e81d7debe15ee7f5e639492cf0e978ff135d745657991c190,1,2,49.5,49.5,0,0.50000000 | 49.00000000,1BUFemkAVoULEXqADCCU7k2dyWfP6t9YBn | 17CF2XPTqCjs7WiXBHH7r41BKPBpGAq81i,17CF2XPTqCjs7WiXBHH7r41BKPBpGAq81i
30423,2009-12-19 04:08:37.000000 UTC,d484de0cc076ea2ed20b3f2274ff0e41ac017137b4163685c7892a140dd5f9f2,1,1,50,50,0,50.00000000,15J5MZxBkbo88hfHbY96UEDdWWtTJKTBgj,12u4Nf9wssYzE844ycnASa8MAbXVvRb8Zg
30768,2009-12-21 00:07:48.000000 UTC,5f48126704eaad62f39c1f0191818b61a74e7c971bce080a3d760898014d4e55,1,1,50,50,0,50.00000000,18bsJgckoCzkofkmm1NCQw4cZKm6xurpy6,1uhBFfwqtkPMoDP1ow6HLHLCeCHjb2z3j
31465,2009-12-25 06:51:47.000000 UTC,ee7871de12728150cd2a213c897c3b9c00e183062e28677204cc1fcf1c86aa69,1,2,50,50,0,0.50000000 | 49.50000000,1PRU5wzuWEDYev6s8ruYKA8XFPMGGhiffV | 194gZnRPtnBCaCw8PW4jwwjnMsqhLNu5og,194gZnRPtnBCaCw8PW4jwwjnMsqhLNu5og
31753,2009-12-27 02:41:34.000000 UTC,9843d685c90a2053dc80600ffd03f076da831502eec65cb3a152d7ee57a6120d,5,1,250,250,0,250.00000000,1DCGxk3yoGbensojhxPsWJt3BEGDG5VrU8,1DFNfvVR3C1mSqji7NEuoP4wSmYN2wbnyV | 12hjSA4bGpXGyVqjaLHRH8vsQAG1kvVNBj | 1EoYxGoKrumbor7Lru5XWsfuL5prgvTb9a | 1Nka6KseexuiwVRkGQju1Z3NYFaqw31vr5 | 15EQjCFXEpXneXqnarZDc9gs9Y2HaS9ZGq